DATE,UNRATE,FEDFUNDS,T10Y3MM,HOUST,PERMIT,INDPRO,TCU,UMCSENT,BAA10YM,USREC,ICSA
1854-12-01,,,,,,,,,,1.0,
1855-01-01,,,,,,,,,,0.0,
1855-02-01,,,,,,,,,,0.0,
1855-03-01,,,,,,,,,,0.0,
1855-04-01,,,,,,,,,,0.0,
1855-05-01,,,,,,,,,,0.0,
1855-06-01,,,,,,,,,,0.0,
1855-07-01,,,,,,,,,,0.0,
1855-08-01,,,,,,,,,,0.0,
1855-09-01,,,,,,,,,,0.0,
1855-10-01,,,,,,,,,,0.0,
1855-11-01,,,,,,,,,,0.0,
1855-12-01,,,,,,,,,,0.0,
1856-01-01,,,,,,,,,,0.0,
1856-02-01,,,,,,,,,,0.0,
1856-03-01,,,,,,,,,,0.0,
1856-04-01,,,,,,,,,,0.0,
1856-05-01,,,,,,,,,,0.0,
1856-06-01,,,,,,,,,,0.0,
1856-07-01,,,,,,,,,,0.0,
1856-08-01,,,,,,,,,,0.0,
1856-09-01,,,,,,,,,,0.0,
1856-10-01,,,,,,,,,,0.0,
1856-11-01,,,,,,,,,,0.0,
1856-12-01,,,,,,,,,,0.0,
1857-01-01,,,,,,,,,,0.0,
1857-02-01,,,,,,,,,,0.0,
1857-03-01,,,,,,,,,,0.0,
1857-04-01,,,,,,,,,,0.0,
1857-05-01,,,,,,,,,,0.0,
1857-06-01,,,,,,,,,,0.0,
1857-07-01,,,,,,,,,,1.0,
1857-08-01,,,,,,,,,,1.0,
1857-09-01,,,,,,,,,,1.0,
1857-10-01,,,,,,,,,,1.0,
1857-11-01,,,,,,,,,,1.0,
1857-12-01,,,,,,,,,,1.0,
1858-01-01,,,,,,,,,,1.0,
1858-02-01,,,,,,,,,,1.0,
1858-03-01,,,,,,,,,,1.0,
1858-04-01,,,,,,,,,,1.0,
1858-05-01,,,,,,,,,,1.0,
1858-06-01,,,,,,,,,,1.0,
1858-07-01,,,,,,,,,,1.0,
1858-08-01,,,,,,,,,,1.0,
1858-09-01,,,,,,,,,,1.0,
1858-10-01,,,,,,,,,,1.0,
1858-11-01,,,,,,,,,,1.0,
1858-12-01,,,,,,,,,,1.0,
1859-01-01,,,,,,,,,,0.0,
1859-02-01,,,,,,,,,,0.0,
1859-03-01,,,,,,,,,,0.0,
1859-04-01,,,,,,,,,,0.0,
1859-05-01,,,,,,,,,,0.0,
1859-06-01,,,,,,,,,,0.0,
1859-07-01,,,,,,,,,,0.0,
1859-08-01,,,,,,,,,,0.0,
1859-09-01,,,,,,,,,,0.0,
1859-10-01,,,,,,,,,,0.0,
1859-11-01,,,,,,,,,,0.0,
1859-12-01,,,,,,,,,,0.0,
1860-01-01,,,,,,,,,,0.0,
1860-02-01,,,,,,,,,,0.0,
1860-03-01,,,,,,,,,,0.0,
1860-04-01,,,,,,,,,,0.0,
1860-05-01,,,,,,,,,,0.0,
1860-06-01,,,,,,,,,,0.0,
1860-07-01,,,,,,,,,,0.0,
1860-08-01,,,,,,,,,,0.0,
1860-09-01,,,,,,,,,,0.0,
1860-10-01,,,,,,,,,,0.0,
1860-11-01,,,,,,,,,,1.0,
1860-12-01,,,,,,,,,,1.0,
1861-01-01,,,,,,,,,,1.0,
1861-02-01,,,,,,,,,,1.0,
1861-03-01,,,,,,,,,,1.0,
1861-04-01,,,,,,,,,,1.0,
1861-05-01,,,,,,,,,,1.0,
1861-06-01,,,,,,,,,,1.0,
1861-07-01,,,,,,,,,,0.0,
1861-08-01,,,,,,,,,,0.0,
1861-09-01,,,,,,,,,,0.0,
1861-10-01,,,,,,,,,,0.0,
1861-11-01,,,,,,,,,,0.0,
1861-12-01,,,,,,,,,,0.0,
1862-01-01,,,,,,,,,,0.0,
1862-02-01,,,,,,,,,,0.0,
1862-03-01,,,,,,,,,,0.0,
1862-04-01,,,,,,,,,,0.0,
1862-05-01,,,,,,,,,,0.0,
1862-06-01,,,,,,,,,,0.0,
1862-07-01,,,,,,,,,,0.0,
1862-08-01,,,,,,,,,,0.0,
1862-09-01,,,,,,,,,,0.0,
1862-10-01,,,,,,,,,,0.0,
1862-11-01,,,,,,,,,,0.0,
1862-12-01,,,,,,,,,,0.0,
1863-01-01,,,,,,,,,,0.0,
1863-02-01,,,,,,,,,,0.0,
1863-03-01,,,,,,,,,,0.0,
1863-04-01,,,,,,,,,,0.0,
1863-05-01,,,,,,,,,,0.0,
1863-06-01,,,,,,,,,,0.0,
1863-07-01,,,,,,,,,,0.0,
1863-08-01,,,,,,,,,,0.0,
1863-09-01,,,,,,,,,,0.0,
1863-10-01,,,,,,,,,,0.0,
1863-11-01,,,,,,,,,,0.0,
1863-12-01,,,,,,,,,,0.0,
1864-01-01,,,,,,,,,,0.0,
1864-02-01,,,,,,,,,,0.0,
1864-03-01,,,,,,,,,,0.0,
1864-04-01,,,,,,,,,,0.0,
1864-05-01,,,,,,,,,,0.0,
1864-06-01,,,,,,,,,,0.0,
1864-07-01,,,,,,,,,,0.0,
1864-08-01,,,,,,,,,,0.0,
1864-09-01,,,,,,,,,,0.0,
1864-10-01,,,,,,,,,,0.0,
1864-11-01,,,,,,,,,,0.0,
1864-12-01,,,,,,,,,,0.0,
1865-01-01,,,,,,,,,,0.0,
1865-02-01,,,,,,,,,,0.0,
1865-03-01,,,,,,,,,,0.0,
1865-04-01,,,,,,,,,,0.0,
1865-05-01,,,,,,,,,,1.0,
1865-06-01,,,,,,,,,,1.0,
1865-07-01,,,,,,,,,,1.0,
1865-08-01,,,,,,,,,,1.0,
1865-09-01,,,,,,,,,,1.0,
1865-10-01,,,,,,,,,,1.0,
1865-11-01,,,,,,,,,,1.0,
1865-12-01,,,,,,,,,,1.0,
1866-01-01,,,,,,,,,,1.0,
1866-02-01,,,,,,,,,,1.0,
1866-03-01,,,,,,,,,,1.0,
1866-04-01,,,,,,,,,,1.0,
1866-05-01,,,,,,,,,,1.0,
1866-06-01,,,,,,,,,,1.0,
1866-07-01,,,,,,,,,,1.0,
1866-08-01,,,,,,,,,,1.0,
1866-09-01,,,,,,,,,,1.0,
1866-10-01,,,,,,,,,,1.0,
1866-11-01,,,,,,,,,,1.0,
1866-12-01,,,,,,,,,,1.0,
1867-01-01,,,,,,,,,,1.0,
1867-02-01,,,,,,,,,,1.0,
1867-03-01,,,,,,,,,,1.0,
1867-04-01,,,,,,,,,,1.0,
1867-05-01,,,,,,,,,,1.0,
1867-06-01,,,,,,,,,,1.0,
1867-07-01,,,,,,,,,,1.0,
1867-08-01,,,,,,,,,,1.0,
1867-09-01,,,,,,,,,,1.0,
1867-10-01,,,,,,,,,,1.0,
1867-11-01,,,,,,,,,,1.0,
1867-12-01,,,,,,,,,,1.0,
1868-01-01,,,,,,,,,,0.0,
1868-02-01,,,,,,,,,,0.0,
1868-03-01,,,,,,,,,,0.0,
1868-04-01,,,,,,,,,,0.0,
1868-05-01,,,,,,,,,,0.0,
1868-06-01,,,,,,,,,,0.0,
1868-07-01,,,,,,,,,,0.0,
1868-08-01,,,,,,,,,,0.0,
1868-09-01,,,,,,,,,,0.0,
1868-10-01,,,,,,,,,,0.0,
1868-11-01,,,,,,,,,,0.0,
1868-12-01,,,,,,,,,,0.0,
1869-01-01,,,,,,,,,,0.0,
1869-02-01,,,,,,,,,,0.0,
1869-03-01,,,,,,,,,,0.0,
1869-04-01,,,,,,,,,,0.0,
1869-05-01,,,,,,,,,,0.0,
1869-06-01,,,,,,,,,,0.0,
1869-07-01,,,,,,,,,,1.0,
1869-08-01,,,,,,,,,,1.0,
1869-09-01,,,,,,,,,,1.0,
1869-10-01,,,,,,,,,,1.0,
1869-11-01,,,,,,,,,,1.0,
1869-12-01,,,,,,,,,,1.0,
1870-01-01,,,,,,,,,,1.0,
1870-02-01,,,,,,,,,,1.0,
1870-03-01,,,,,,,,,,1.0,
1870-04-01,,,,,,,,,,1.0,
1870-05-01,,,,,,,,,,1.0,
1870-06-01,,,,,,,,,,1.0,
1870-07-01,,,,,,,,,,1.0,
1870-08-01,,,,,,,,,,1.0,
1870-09-01,,,,,,,,,,1.0,
1870-10-01,,,,,,,,,,1.0,
1870-11-01,,,,,,,,,,1.0,
1870-12-01,,,,,,,,,,1.0,
1871-01-01,,,,,,,,,,0.0,
1871-02-01,,,,,,,,,,0.0,
1871-03-01,,,,,,,,,,0.0,
1871-04-01,,,,,,,,,,0.0,
1871-05-01,,,,,,,,,,0.0,
1871-06-01,,,,,,,,,,0.0,
1871-07-01,,,,,,,,,,0.0,
1871-08-01,,,,,,,,,,0.0,
1871-09-01,,,,,,,,,,0.0,
1871-10-01,,,,,,,,,,0.0,
1871-11-01,,,,,,,,,,0.0,
1871-12-01,,,,,,,,,,0.0,
1872-01-01,,,,,,,,,,0.0,
1872-02-01,,,,,,,,,,0.0,
1872-03-01,,,,,,,,,,0.0,
1872-04-01,,,,,,,,,,0.0,
1872-05-01,,,,,,,,,,0.0,
1872-06-01,,,,,,,,,,0.0,
1872-07-01,,,,,,,,,,0.0,
1872-08-01,,,,,,,,,,0.0,
1872-09-01,,,,,,,,,,0.0,
1872-10-01,,,,,,,,,,0.0,
1872-11-01,,,,,,,,,,0.0,
1872-12-01,,,,,,,,,,0.0,
1873-01-01,,,,,,,,,,0.0,
1873-02-01,,,,,,,,,,0.0,
1873-03-01,,,,,,,,,,0.0,
1873-04-01,,,,,,,,,,0.0,
1873-05-01,,,,,,,,,,0.0,
1873-06-01,,,,,,,,,,0.0,
1873-07-01,,,,,,,,,,0.0,
1873-08-01,,,,,,,,,,0.0,
1873-09-01,,,,,,,,,,0.0,
1873-10-01,,,,,,,,,,0.0,
1873-11-01,,,,,,,,,,1.0,
1873-12-01,,,,,,,,,,1.0,
1874-01-01,,,,,,,,,,1.0,
1874-02-01,,,,,,,,,,1.0,
1874-03-01,,,,,,,,,,1.0,
1874-04-01,,,,,,,,,,1.0,
1874-05-01,,,,,,,,,,1.0,
1874-06-01,,,,,,,,,,1.0,
1874-07-01,,,,,,,,,,1.0,
1874-08-01,,,,,,,,,,1.0,
1874-09-01,,,,,,,,,,1.0,
1874-10-01,,,,,,,,,,1.0,
1874-11-01,,,,,,,,,,1.0,
1874-12-01,,,,,,,,,,1.0,
1875-01-01,,,,,,,,,,1.0,
1875-02-01,,,,,,,,,,1.0,
1875-03-01,,,,,,,,,,1.0,
1875-04-01,,,,,,,,,,1.0,
1875-05-01,,,,,,,,,,1.0,
1875-06-01,,,,,,,,,,1.0,
1875-07-01,,,,,,,,,,1.0,
1875-08-01,,,,,,,,,,1.0,
1875-09-01,,,,,,,,,,1.0,
1875-10-01,,,,,,,,,,1.0,
1875-11-01,,,,,,,,,,1.0,
1875-12-01,,,,,,,,,,1.0,
1876-01-01,,,,,,,,,,1.0,
1876-02-01,,,,,,,,,,1.0,
1876-03-01,,,,,,,,,,1.0,
1876-04-01,,,,,,,,,,1.0,
1876-05-01,,,,,,,,,,1.0,
1876-06-01,,,,,,,,,,1.0,
1876-07-01,,,,,,,,,,1.0,
1876-08-01,,,,,,,,,,1.0,
1876-09-01,,,,,,,,,,1.0,
1876-10-01,,,,,,,,,,1.0,
1876-11-01,,,,,,,,,,1.0,
1876-12-01,,,,,,,,,,1.0,
1877-01-01,,,,,,,,,,1.0,
1877-02-01,,,,,,,,,,1.0,
1877-03-01,,,,,,,,,,1.0,
1877-04-01,,,,,,,,,,1.0,
1877-05-01,,,,,,,,,,1.0,
1877-06-01,,,,,,,,,,1.0,
1877-07-01,,,,,,,,,,1.0,
1877-08-01,,,,,,,,,,1.0,
1877-09-01,,,,,,,,,,1.0,
1877-10-01,,,,,,,,,,1.0,
1877-11-01,,,,,,,,,,1.0,
1877-12-01,,,,,,,,,,1.0,
1878-01-01,,,,,,,,,,1.0,
1878-02-01,,,,,,,,,,1.0,
1878-03-01,,,,,,,,,,1.0,
1878-04-01,,,,,,,,,,1.0,
1878-05-01,,,,,,,,,,1.0,
1878-06-01,,,,,,,,,,1.0,
1878-07-01,,,,,,,,,,1.0,
1878-08-01,,,,,,,,,,1.0,
1878-09-01,,,,,,,,,,1.0,
1878-10-01,,,,,,,,,,1.0,
1878-11-01,,,,,,,,,,1.0,
1878-12-01,,,,,,,,,,1.0,
1879-01-01,,,,,,,,,,1.0,
1879-02-01,,,,,,,,,,1.0,
1879-03-01,,,,,,,,,,1.0,
1879-04-01,,,,,,,,,,0.0,
1879-05-01,,,,,,,,,,0.0,
1879-06-01,,,,,,,,,,0.0,
1879-07-01,,,,,,,,,,0.0,
1879-08-01,,,,,,,,,,0.0,
1879-09-01,,,,,,,,,,0.0,
1879-10-01,,,,,,,,,,0.0,
1879-11-01,,,,,,,,,,0.0,
1879-12-01,,,,,,,,,,0.0,
1880-01-01,,,,,,,,,,0.0,
1880-02-01,,,,,,,,,,0.0,
1880-03-01,,,,,,,,,,0.0,
1880-04-01,,,,,,,,,,0.0,
1880-05-01,,,,,,,,,,0.0,
1880-06-01,,,,,,,,,,0.0,
1880-07-01,,,,,,,,,,0.0,
1880-08-01,,,,,,,,,,0.0,
1880-09-01,,,,,,,,,,0.0,
1880-10-01,,,,,,,,,,0.0,
1880-11-01,,,,,,,,,,0.0,
1880-12-01,,,,,,,,,,0.0,
1881-01-01,,,,,,,,,,0.0,
1881-02-01,,,,,,,,,,0.0,
1881-03-01,,,,,,,,,,0.0,
1881-04-01,,,,,,,,,,0.0,
1881-05-01,,,,,,,,,,0.0,
1881-06-01,,,,,,,,,,0.0,
1881-07-01,,,,,,,,,,0.0,
1881-08-01,,,,,,,,,,0.0,
1881-09-01,,,,,,,,,,0.0,
1881-10-01,,,,,,,,,,0.0,
1881-11-01,,,,,,,,,,0.0,
1881-12-01,,,,,,,,,,0.0,
1882-01-01,,,,,,,,,,0.0,
1882-02-01,,,,,,,,,,0.0,
1882-03-01,,,,,,,,,,0.0,
1882-04-01,,,,,,,,,,1.0,
1882-05-01,,,,,,,,,,1.0,
1882-06-01,,,,,,,,,,1.0,
1882-07-01,,,,,,,,,,1.0,
1882-08-01,,,,,,,,,,1.0,
1882-09-01,,,,,,,,,,1.0,
1882-10-01,,,,,,,,,,1.0,
1882-11-01,,,,,,,,,,1.0,
1882-12-01,,,,,,,,,,1.0,
1883-01-01,,,,,,,,,,1.0,
1883-02-01,,,,,,,,,,1.0,
1883-03-01,,,,,,,,,,1.0,
1883-04-01,,,,,,,,,,1.0,
1883-05-01,,,,,,,,,,1.0,
1883-06-01,,,,,,,,,,1.0,
1883-07-01,,,,,,,,,,1.0,
1883-08-01,,,,,,,,,,1.0,
1883-09-01,,,,,,,,,,1.0,
1883-10-01,,,,,,,,,,1.0,
1883-11-01,,,,,,,,,,1.0,
1883-12-01,,,,,,,,,,1.0,
1884-01-01,,,,,,,,,,1.0,
1884-02-01,,,,,,,,,,1.0,
1884-03-01,,,,,,,,,,1.0,
1884-04-01,,,,,,,,,,1.0,
1884-05-01,,,,,,,,,,1.0,
1884-06-01,,,,,,,,,,1.0,
1884-07-01,,,,,,,,,,1.0,
1884-08-01,,,,,,,,,,1.0,
1884-09-01,,,,,,,,,,1.0,
1884-10-01,,,,,,,,,,1.0,
1884-11-01,,,,,,,,,,1.0,
1884-12-01,,,,,,,,,,1.0,
1885-01-01,,,,,,,,,,1.0,
1885-02-01,,,,,,,,,,1.0,
1885-03-01,,,,,,,,,,1.0,
1885-04-01,,,,,,,,,,1.0,
1885-05-01,,,,,,,,,,1.0,
1885-06-01,,,,,,,,,,0.0,
1885-07-01,,,,,,,,,,0.0,
1885-08-01,,,,,,,,,,0.0,
1885-09-01,,,,,,,,,,0.0,
1885-10-01,,,,,,,,,,0.0,
1885-11-01,,,,,,,,,,0.0,
1885-12-01,,,,,,,,,,0.0,
1886-01-01,,,,,,,,,,0.0,
1886-02-01,,,,,,,,,,0.0,
1886-03-01,,,,,,,,,,0.0,
1886-04-01,,,,,,,,,,0.0,
1886-05-01,,,,,,,,,,0.0,
1886-06-01,,,,,,,,,,0.0,
1886-07-01,,,,,,,,,,0.0,
1886-08-01,,,,,,,,,,0.0,
1886-09-01,,,,,,,,,,0.0,
1886-10-01,,,,,,,,,,0.0,
1886-11-01,,,,,,,,,,0.0,
1886-12-01,,,,,,,,,,0.0,
1887-01-01,,,,,,,,,,0.0,
1887-02-01,,,,,,,,,,0.0,
1887-03-01,,,,,,,,,,0.0,
1887-04-01,,,,,,,,,,1.0,
1887-05-01,,,,,,,,,,1.0,
1887-06-01,,,,,,,,,,1.0,
1887-07-01,,,,,,,,,,1.0,
1887-08-01,,,,,,,,,,1.0,
1887-09-01,,,,,,,,,,1.0,
1887-10-01,,,,,,,,,,1.0,
1887-11-01,,,,,,,,,,1.0,
1887-12-01,,,,,,,,,,1.0,
1888-01-01,,,,,,,,,,1.0,
1888-02-01,,,,,,,,,,1.0,
1888-03-01,,,,,,,,,,1.0,
1888-04-01,,,,,,,,,,1.0,
1888-05-01,,,,,,,,,,0.0,
1888-06-01,,,,,,,,,,0.0,
1888-07-01,,,,,,,,,,0.0,
1888-08-01,,,,,,,,,,0.0,
1888-09-01,,,,,,,,,,0.0,
1888-10-01,,,,,,,,,,0.0,
1888-11-01,,,,,,,,,,0.0,
1888-12-01,,,,,,,,,,0.0,
1889-01-01,,,,,,,,,,0.0,
1889-02-01,,,,,,,,,,0.0,
1889-03-01,,,,,,,,,,0.0,
1889-04-01,,,,,,,,,,0.0,
1889-05-01,,,,,,,,,,0.0,
1889-06-01,,,,,,,,,,0.0,
1889-07-01,,,,,,,,,,0.0,
1889-08-01,,,,,,,,,,0.0,
1889-09-01,,,,,,,,,,0.0,
1889-10-01,,,,,,,,,,0.0,
1889-11-01,,,,,,,,,,0.0,
1889-12-01,,,,,,,,,,0.0,
1890-01-01,,,,,,,,,,0.0,
1890-02-01,,,,,,,,,,0.0,
1890-03-01,,,,,,,,,,0.0,
1890-04-01,,,,,,,,,,0.0,
1890-05-01,,,,,,,,,,0.0,
1890-06-01,,,,,,,,,,0.0,
1890-07-01,,,,,,,,,,0.0,
1890-08-01,,,,,,,,,,1.0,
1890-09-01,,,,,,,,,,1.0,
1890-10-01,,,,,,,,,,1.0,
1890-11-01,,,,,,,,,,1.0,
1890-12-01,,,,,,,,,,1.0,
1891-01-01,,,,,,,,,,1.0,
1891-02-01,,,,,,,,,,1.0,
1891-03-01,,,,,,,,,,1.0,
1891-04-01,,,,,,,,,,1.0,
1891-05-01,,,,,,,,,,1.0,
1891-06-01,,,,,,,,,,0.0,
1891-07-01,,,,,,,,,,0.0,
1891-08-01,,,,,,,,,,0.0,
1891-09-01,,,,,,,,,,0.0,
1891-10-01,,,,,,,,,,0.0,
1891-11-01,,,,,,,,,,0.0,
1891-12-01,,,,,,,,,,0.0,
1892-01-01,,,,,,,,,,0.0,
1892-02-01,,,,,,,,,,0.0,
1892-03-01,,,,,,,,,,0.0,
1892-04-01,,,,,,,,,,0.0,
1892-05-01,,,,,,,,,,0.0,
1892-06-01,,,,,,,,,,0.0,
1892-07-01,,,,,,,,,,0.0,
1892-08-01,,,,,,,,,,0.0,
1892-09-01,,,,,,,,,,0.0,
1892-10-01,,,,,,,,,,0.0,
1892-11-01,,,,,,,,,,0.0,
1892-12-01,,,,,,,,,,0.0,
1893-01-01,,,,,,,,,,0.0,
1893-02-01,,,,,,,,,,1.0,
1893-03-01,,,,,,,,,,1.0,
1893-04-01,,,,,,,,,,1.0,
1893-05-01,,,,,,,,,,1.0,
1893-06-01,,,,,,,,,,1.0,
1893-07-01,,,,,,,,,,1.0,
1893-08-01,,,,,,,,,,1.0,
1893-09-01,,,,,,,,,,1.0,
1893-10-01,,,,,,,,,,1.0,
1893-11-01,,,,,,,,,,1.0,
1893-12-01,,,,,,,,,,1.0,
1894-01-01,,,,,,,,,,1.0,
1894-02-01,,,,,,,,,,1.0,
1894-03-01,,,,,,,,,,1.0,
1894-04-01,,,,,,,,,,1.0,
1894-05-01,,,,,,,,,,1.0,
1894-06-01,,,,,,,,,,1.0,
1894-07-01,,,,,,,,,,0.0,
1894-08-01,,,,,,,,,,0.0,
1894-09-01,,,,,,,,,,0.0,
1894-10-01,,,,,,,,,,0.0,
1894-11-01,,,,,,,,,,0.0,
1894-12-01,,,,,,,,,,0.0,
1895-01-01,,,,,,,,,,0.0,
1895-02-01,,,,,,,,,,0.0,
1895-03-01,,,,,,,,,,0.0,
1895-04-01,,,,,,,,,,0.0,
1895-05-01,,,,,,,,,,0.0,
1895-06-01,,,,,,,,,,0.0,
1895-07-01,,,,,,,,,,0.0,
1895-08-01,,,,,,,,,,0.0,
1895-09-01,,,,,,,,,,0.0,
1895-10-01,,,,,,,,,,0.0,
1895-11-01,,,,,,,,,,0.0,
1895-12-01,,,,,,,,,,0.0,
1896-01-01,,,,,,,,,,1.0,
1896-02-01,,,,,,,,,,1.0,
1896-03-01,,,,,,,,,,1.0,
1896-04-01,,,,,,,,,,1.0,
1896-05-01,,,,,,,,,,1.0,
1896-06-01,,,,,,,,,,1.0,
1896-07-01,,,,,,,,,,1.0,
1896-08-01,,,,,,,,,,1.0,
1896-09-01,,,,,,,,,,1.0,
1896-10-01,,,,,,,,,,1.0,
1896-11-01,,,,,,,,,,1.0,
1896-12-01,,,,,,,,,,1.0,
1897-01-01,,,,,,,,,,1.0,
1897-02-01,,,,,,,,,,1.0,
1897-03-01,,,,,,,,,,1.0,
1897-04-01,,,,,,,,,,1.0,
1897-05-01,,,,,,,,,,1.0,
1897-06-01,,,,,,,,,,1.0,
1897-07-01,,,,,,,,,,0.0,
1897-08-01,,,,,,,,,,0.0,
1897-09-01,,,,,,,,,,0.0,
1897-10-01,,,,,,,,,,0.0,
1897-11-01,,,,,,,,,,0.0,
1897-12-01,,,,,,,,,,0.0,
1898-01-01,,,,,,,,,,0.0,
1898-02-01,,,,,,,,,,0.0,
1898-03-01,,,,,,,,,,0.0,
1898-04-01,,,,,,,,,,0.0,
1898-05-01,,,,,,,,,,0.0,
1898-06-01,,,,,,,,,,0.0,
1898-07-01,,,,,,,,,,0.0,
1898-08-01,,,,,,,,,,0.0,
1898-09-01,,,,,,,,,,0.0,
1898-10-01,,,,,,,,,,0.0,
1898-11-01,,,,,,,,,,0.0,
1898-12-01,,,,,,,,,,0.0,
1899-01-01,,,,,,,,,,0.0,
1899-02-01,,,,,,,,,,0.0,
1899-03-01,,,,,,,,,,0.0,
1899-04-01,,,,,,,,,,0.0,
1899-05-01,,,,,,,,,,0.0,
1899-06-01,,,,,,,,,,0.0,
1899-07-01,,,,,,,,,,1.0,
1899-08-01,,,,,,,,,,1.0,
1899-09-01,,,,,,,,,,1.0,
1899-10-01,,,,,,,,,,1.0,
1899-11-01,,,,,,,,,,1.0,
1899-12-01,,,,,,,,,,1.0,
1900-01-01,,,,,,,,,,1.0,
1900-02-01,,,,,,,,,,1.0,
1900-03-01,,,,,,,,,,1.0,
1900-04-01,,,,,,,,,,1.0,
1900-05-01,,,,,,,,,,1.0,
1900-06-01,,,,,,,,,,1.0,
1900-07-01,,,,,,,,,,1.0,
1900-08-01,,,,,,,,,,1.0,
1900-09-01,,,,,,,,,,1.0,
1900-10-01,,,,,,,,,,1.0,
1900-11-01,,,,,,,,,,1.0,
1900-12-01,,,,,,,,,,1.0,
1901-01-01,,,,,,,,,,0.0,
1901-02-01,,,,,,,,,,0.0,
1901-03-01,,,,,,,,,,0.0,
1901-04-01,,,,,,,,,,0.0,
1901-05-01,,,,,,,,,,0.0,
1901-06-01,,,,,,,,,,0.0,
1901-07-01,,,,,,,,,,0.0,
1901-08-01,,,,,,,,,,0.0,
1901-09-01,,,,,,,,,,0.0,
1901-10-01,,,,,,,,,,0.0,
1901-11-01,,,,,,,,,,0.0,
1901-12-01,,,,,,,,,,0.0,
1902-01-01,,,,,,,,,,0.0,
1902-02-01,,,,,,,,,,0.0,
1902-03-01,,,,,,,,,,0.0,
1902-04-01,,,,,,,,,,0.0,
1902-05-01,,,,,,,,,,0.0,
1902-06-01,,,,,,,,,,0.0,
1902-07-01,,,,,,,,,,0.0,
1902-08-01,,,,,,,,,,0.0,
1902-09-01,,,,,,,,,,0.0,
1902-10-01,,,,,,,,,,1.0,
1902-11-01,,,,,,,,,,1.0,
1902-12-01,,,,,,,,,,1.0,
1903-01-01,,,,,,,,,,1.0,
1903-02-01,,,,,,,,,,1.0,
1903-03-01,,,,,,,,,,1.0,
1903-04-01,,,,,,,,,,1.0,
1903-05-01,,,,,,,,,,1.0,
1903-06-01,,,,,,,,,,1.0,
1903-07-01,,,,,,,,,,1.0,
1903-08-01,,,,,,,,,,1.0,
1903-09-01,,,,,,,,,,1.0,
1903-10-01,,,,,,,,,,1.0,
1903-11-01,,,,,,,,,,1.0,
1903-12-01,,,,,,,,,,1.0,
1904-01-01,,,,,,,,,,1.0,
1904-02-01,,,,,,,,,,1.0,
1904-03-01,,,,,,,,,,1.0,
1904-04-01,,,,,,,,,,1.0,
1904-05-01,,,,,,,,,,1.0,
1904-06-01,,,,,,,,,,1.0,
1904-07-01,,,,,,,,,,1.0,
1904-08-01,,,,,,,,,,1.0,
1904-09-01,,,,,,,,,,0.0,
1904-10-01,,,,,,,,,,0.0,
1904-11-01,,,,,,,,,,0.0,
1904-12-01,,,,,,,,,,0.0,
1905-01-01,,,,,,,,,,0.0,
1905-02-01,,,,,,,,,,0.0,
1905-03-01,,,,,,,,,,0.0,
1905-04-01,,,,,,,,,,0.0,
1905-05-01,,,,,,,,,,0.0,
1905-06-01,,,,,,,,,,0.0,
1905-07-01,,,,,,,,,,0.0,
1905-08-01,,,,,,,,,,0.0,
1905-09-01,,,,,,,,,,0.0,
1905-10-01,,,,,,,,,,0.0,
1905-11-01,,,,,,,,,,0.0,
1905-12-01,,,,,,,,,,0.0,
1906-01-01,,,,,,,,,,0.0,
1906-02-01,,,,,,,,,,0.0,
1906-03-01,,,,,,,,,,0.0,
1906-04-01,,,,,,,,,,0.0,
1906-05-01,,,,,,,,,,0.0,
1906-06-01,,,,,,,,,,0.0,
1906-07-01,,,,,,,,,,0.0,
1906-08-01,,,,,,,,,,0.0,
1906-09-01,,,,,,,,,,0.0,
1906-10-01,,,,,,,,,,0.0,
1906-11-01,,,,,,,,,,0.0,
1906-12-01,,,,,,,,,,0.0,
1907-01-01,,,,,,,,,,0.0,
1907-02-01,,,,,,,,,,0.0,
1907-03-01,,,,,,,,,,0.0,
1907-04-01,,,,,,,,,,0.0,
1907-05-01,,,,,,,,,,0.0,
1907-06-01,,,,,,,,,,1.0,
1907-07-01,,,,,,,,,,1.0,
1907-08-01,,,,,,,,,,1.0,
1907-09-01,,,,,,,,,,1.0,
1907-10-01,,,,,,,,,,1.0,
1907-11-01,,,,,,,,,,1.0,
1907-12-01,,,,,,,,,,1.0,
1908-01-01,,,,,,,,,,1.0,
1908-02-01,,,,,,,,,,1.0,
1908-03-01,,,,,,,,,,1.0,
1908-04-01,,,,,,,,,,1.0,
1908-05-01,,,,,,,,,,1.0,
1908-06-01,,,,,,,,,,1.0,
1908-07-01,,,,,,,,,,0.0,
1908-08-01,,,,,,,,,,0.0,
1908-09-01,,,,,,,,,,0.0,
1908-10-01,,,,,,,,,,0.0,
1908-11-01,,,,,,,,,,0.0,
1908-12-01,,,,,,,,,,0.0,
1909-01-01,,,,,,,,,,0.0,
1909-02-01,,,,,,,,,,0.0,
1909-03-01,,,,,,,,,,0.0,
1909-04-01,,,,,,,,,,0.0,
1909-05-01,,,,,,,,,,0.0,
1909-06-01,,,,,,,,,,0.0,
1909-07-01,,,,,,,,,,0.0,
1909-08-01,,,,,,,,,,0.0,
1909-09-01,,,,,,,,,,0.0,
1909-10-01,,,,,,,,,,0.0,
1909-11-01,,,,,,,,,,0.0,
1909-12-01,,,,,,,,,,0.0,
1910-01-01,,,,,,,,,,0.0,
1910-02-01,,,,,,,,,,1.0,
1910-03-01,,,,,,,,,,1.0,
1910-04-01,,,,,,,,,,1.0,
1910-05-01,,,,,,,,,,1.0,
1910-06-01,,,,,,,,,,1.0,
1910-07-01,,,,,,,,,,1.0,
1910-08-01,,,,,,,,,,1.0,
1910-09-01,,,,,,,,,,1.0,
1910-10-01,,,,,,,,,,1.0,
1910-11-01,,,,,,,,,,1.0,
1910-12-01,,,,,,,,,,1.0,
1911-01-01,,,,,,,,,,1.0,
1911-02-01,,,,,,,,,,1.0,
1911-03-01,,,,,,,,,,1.0,
1911-04-01,,,,,,,,,,1.0,
1911-05-01,,,,,,,,,,1.0,
1911-06-01,,,,,,,,,,1.0,
1911-07-01,,,,,,,,,,1.0,
1911-08-01,,,,,,,,,,1.0,
1911-09-01,,,,,,,,,,1.0,
1911-10-01,,,,,,,,,,1.0,
1911-11-01,,,,,,,,,,1.0,
1911-12-01,,,,,,,,,,1.0,
1912-01-01,,,,,,,,,,1.0,
1912-02-01,,,,,,,,,,0.0,
1912-03-01,,,,,,,,,,0.0,
1912-04-01,,,,,,,,,,0.0,
1912-05-01,,,,,,,,,,0.0,
1912-06-01,,,,,,,,,,0.0,
1912-07-01,,,,,,,,,,0.0,
1912-08-01,,,,,,,,,,0.0,
1912-09-01,,,,,,,,,,0.0,
1912-10-01,,,,,,,,,,0.0,
1912-11-01,,,,,,,,,,0.0,
1912-12-01,,,,,,,,,,0.0,
1913-01-01,,,,,,,,,,0.0,
1913-02-01,,,,,,,,,,1.0,
1913-03-01,,,,,,,,,,1.0,
1913-04-01,,,,,,,,,,1.0,
1913-05-01,,,,,,,,,,1.0,
1913-06-01,,,,,,,,,,1.0,
1913-07-01,,,,,,,,,,1.0,
1913-08-01,,,,,,,,,,1.0,
1913-09-01,,,,,,,,,,1.0,
1913-10-01,,,,,,,,,,1.0,
1913-11-01,,,,,,,,,,1.0,
1913-12-01,,,,,,,,,,1.0,
1914-01-01,,,,,,,,,,1.0,
1914-02-01,,,,,,,,,,1.0,
1914-03-01,,,,,,,,,,1.0,
1914-04-01,,,,,,,,,,1.0,
1914-05-01,,,,,,,,,,1.0,
1914-06-01,,,,,,,,,,1.0,
1914-07-01,,,,,,,,,,1.0,
1914-08-01,,,,,,,,,,1.0,
1914-09-01,,,,,,,,,,1.0,
1914-10-01,,,,,,,,,,1.0,
1914-11-01,,,,,,,,,,1.0,
1914-12-01,,,,,,,,,,1.0,
1915-01-01,,,,,,,,,,0.0,
1915-02-01,,,,,,,,,,0.0,
1915-03-01,,,,,,,,,,0.0,
1915-04-01,,,,,,,,,,0.0,
1915-05-01,,,,,,,,,,0.0,
1915-06-01,,,,,,,,,,0.0,
1915-07-01,,,,,,,,,,0.0,
1915-08-01,,,,,,,,,,0.0,
1915-09-01,,,,,,,,,,0.0,
1915-10-01,,,,,,,,,,0.0,
1915-11-01,,,,,,,,,,0.0,
1915-12-01,,,,,,,,,,0.0,
1916-01-01,,,,,,,,,,0.0,
1916-02-01,,,,,,,,,,0.0,
1916-03-01,,,,,,,,,,0.0,
1916-04-01,,,,,,,,,,0.0,
1916-05-01,,,,,,,,,,0.0,
1916-06-01,,,,,,,,,,0.0,
1916-07-01,,,,,,,,,,0.0,
1916-08-01,,,,,,,,,,0.0,
1916-09-01,,,,,,,,,,0.0,
1916-10-01,,,,,,,,,,0.0,
1916-11-01,,,,,,,,,,0.0,
1916-12-01,,,,,,,,,,0.0,
1917-01-01,,,,,,,,,,0.0,
1917-02-01,,,,,,,,,,0.0,
1917-03-01,,,,,,,,,,0.0,
1917-04-01,,,,,,,,,,0.0,
1917-05-01,,,,,,,,,,0.0,
1917-06-01,,,,,,,,,,0.0,
1917-07-01,,,,,,,,,,0.0,
1917-08-01,,,,,,,,,,0.0,
1917-09-01,,,,,,,,,,0.0,
1917-10-01,,,,,,,,,,0.0,
1917-11-01,,,,,,,,,,0.0,
1917-12-01,,,,,,,,,,0.0,
1918-01-01,,,,,,,,,,0.0,
1918-02-01,,,,,,,,,,0.0,
1918-03-01,,,,,,,,,,0.0,
1918-04-01,,,,,,,,,,0.0,
1918-05-01,,,,,,,,,,0.0,
1918-06-01,,,,,,,,,,0.0,
1918-07-01,,,,,,,,,,0.0,
1918-08-01,,,,,,,,,,0.0,
1918-09-01,,,,,,,,,,1.0,
1918-10-01,,,,,,,,,,1.0,
1918-11-01,,,,,,,,,,1.0,
1918-12-01,,,,,,,,,,1.0,
1919-01-01,,,,,,4.8739,,,,1.0,
1919-02-01,,,,,,4.6585,,,,1.0,
1919-03-01,,,,,,4.5238,,,,1.0,
1919-04-01,,,,,,4.6046,,,,0.0,
1919-05-01,,,,,,4.6315,,,,0.0,
1919-06-01,,,,,,4.9277,,,,0.0,
1919-07-01,,,,,,5.2239,,,,0.0,
1919-08-01,,,,,,5.3047,,,,0.0,
1919-09-01,,,,,,5.197,,,,0.0,
1919-10-01,,,,,,5.1432,,,,0.0,
1919-11-01,,,,,,5.0624,,,,0.0,
1919-12-01,,,,,,5.1432,,,,0.0,
1920-01-01,,,,,,5.6279,,,,0.0,
1920-02-01,,,,,,5.6279,,,,1.0,
1920-03-01,,,,,,5.5201,,,,1.0,
1920-04-01,,,,,,5.2239,,,,1.0,
1920-05-01,,,,,,5.3586,,,,1.0,
1920-06-01,,,,,,5.4124,,,,1.0,
1920-07-01,,,,,,5.2778,,,,1.0,
1920-08-01,,,,,,5.3047,,,,1.0,
1920-09-01,,,,,,5.1162,,,,1.0,
1920-10-01,,,,,,4.9008,,,,1.0,
1920-11-01,,,,,,4.4969,,,,1.0,
1920-12-01,,,,,,4.2276,,,,1.0,
1921-01-01,,,,,,3.9853,,,,1.0,
1921-02-01,,,,,,3.9045,,,,1.0,
1921-03-01,,,,,,3.7968,,,,1.0,
1921-04-01,,,,,,3.7968,,,,1.0,
1921-05-01,,,,,,3.9045,,,,1.0,
1921-06-01,,,,,,3.8776,,,,1.0,
1921-07-01,,,,,,3.8506,,,,1.0,
1921-08-01,,,,,,3.9853,,,,0.0,
1921-09-01,,,,,,4.0122,,,,0.0,
1921-10-01,,,,,,4.2545,,,,0.0,
1921-11-01,,,,,,4.2007,,,,0.0,
1921-12-01,,,,,,4.1738,,,,0.0,
1922-01-01,,,,,,4.3353,,,,0.0,
1922-02-01,,,,,,4.5238,,,,0.0,
1922-03-01,,,,,,4.7662,,,,0.0,
1922-04-01,,,,,,4.6046,,,,0.0,
1922-05-01,,,,,,4.847,,,,0.0,
1922-06-01,,,,,,5.0893,,,,0.0,
1922-07-01,,,,,,5.0893,,,,0.0,
1922-08-01,,,,,,4.9816,,,,0.0,
1922-09-01,,,,,,5.2509,,,,0.0,
1922-10-01,,,,,,5.5471,,,,0.0,
1922-11-01,,,,,,5.7894,,,,0.0,
1922-12-01,,,,,,5.951,,,,0.0,
1923-01-01,,,,,,5.8163,,,,0.0,
1923-02-01,,,,,,5.8971,,,,0.0,
1923-03-01,,,,,,6.0856,,,,0.0,
1923-04-01,,,,,,6.2203,,,,0.0,
1923-05-01,,,,,,6.301,,,,0.0,
1923-06-01,,,,,,6.2472,,,,1.0,
1923-07-01,,,,,,6.1933,,,,1.0,
1923-08-01,,,,,,6.0856,,,,1.0,
1923-09-01,,,,,,5.951,,,,1.0,
1923-10-01,,,,,,5.9241,,,,1.0,
1923-11-01,,,,,,5.9241,,,,1.0,
1923-12-01,,,,,,5.7894,,,,1.0,
1924-01-01,,,,,,5.924,,,,1.0,
1924-02-01,,,,,,6.0318,,,,1.0,
1924-03-01,,,,,,5.9241,,,,1.0,
1924-04-01,,,,,,5.7356,,,,1.0,
1924-05-01,,,,,,5.4932,,,,1.0,
1924-06-01,,,,,,5.2509,,,,1.0,
1924-07-01,,,,,,5.1701,,,,1.0,
1924-08-01,,,,,,5.3586,,,,0.0,
1924-09-01,,,,,,5.5471,,,,0.0,
1924-10-01,,,,,,5.6817,,,,0.0,
1924-11-01,,,,,,5.7894,,,,0.0,
1924-12-01,,,,,,5.951,,,,0.0,
1925-01-01,,,,,,6.1395,,,,0.0,
1925-02-01,,,,,,6.1395,,,,0.0,
1925-03-01,,,,,,6.1395,,,,0.0,
1925-04-01,,,,,,6.1933,,,,0.0,
1925-05-01,,,,,,6.1664,,,,0.0,
1925-06-01,,,,,,6.1125,,,,0.0,
1925-07-01,,,,,,6.2741,,,,0.0,
1925-08-01,,,,,,6.1664,,,,0.0,
1925-09-01,,,,,,6.0856,,,,0.0,
1925-10-01,,,,,,6.328,,,,0.0,
1925-11-01,,,,,,6.4626,,,,0.0,
1925-12-01,,,,,,6.5434,,,,0.0,
1926-01-01,,,,,,6.4357,,,,0.0,
1926-02-01,,,,,,6.4357,,,,0.0,
1926-03-01,,,,,,6.5165,,,,0.0,
1926-04-01,,,,,,6.5165,,,,0.0,
1926-05-01,,,,,,6.4626,,,,0.0,
1926-06-01,,,,,,6.5434,,,,0.0,
1926-07-01,,,,,,6.5703,,,,0.0,
1926-08-01,,,,,,6.6511,,,,0.0,
1926-09-01,,,,,,6.7588,,,,0.0,
1926-10-01,,,,,,6.7588,,,,0.0,
1926-11-01,,,,,,6.7319,,,,1.0,
1926-12-01,,,,,,6.705,,,,1.0,
1927-01-01,,,,,,6.678,,,,1.0,
1927-02-01,,,,,,6.7319,,,,1.0,
1927-03-01,,,,,,6.8127,,,,1.0,
1927-04-01,,,,,,6.6511,,,,1.0,
1927-05-01,,,,,,6.705,,,,1.0,
1927-06-01,,,,,,6.678,,,,1.0,
1927-07-01,,,,,,6.5972,,,,1.0,
1927-08-01,,,,,,6.5972,,,,1.0,
1927-09-01,,,,,,6.4895,,,,1.0,
1927-10-01,,,,,,6.3549,,,,1.0,
1927-11-01,,,,,,6.3549,,,,1.0,
1927-12-01,,,,,,6.3818,,,,0.0,
1928-01-01,,,,,,6.5165,,,,0.0,
1928-02-01,,,,,,6.5703,,,,0.0,
1928-03-01,,,,,,6.6242,,,,0.0,
1928-04-01,,,,,,6.5972,,,,0.0,
1928-05-01,,,,,,6.678,,,,0.0,
1928-06-01,,,,,,6.7319,,,,0.0,
1928-07-01,,,,,,6.8127,,,,0.0,
1928-08-01,,,,,,6.9473,,,,0.0,
1928-09-01,,,,,,7.0012,,,,0.0,
1928-10-01,,,,,,7.1358,,,,0.0,
1928-11-01,,,,,,7.2704,,,,0.0,
1928-12-01,,,,,,7.4051,,,,0.0,
1929-01-01,,,,,,7.5128,,,,0.0,
1929-02-01,,,,,,7.4858,,,,0.0,
1929-03-01,,,,,,7.5128,,,,0.0,
1929-04-01,,,,,,7.6474,,,,0.0,
1929-05-01,,,,,,7.7821,,,,0.0,
1929-06-01,,,,,,7.8359,,,,0.0,
1929-07-01,,,,,,7.9436,,,,0.0,
1929-08-01,,,,,,7.8628,,,,0.0,
1929-09-01,,,,,,7.809,,,,1.0,
1929-10-01,,,,,,7.6743,,,,1.0,
1929-11-01,,,,,,7.2974,,,,1.0,
1929-12-01,,,,,,6.9742,,,,1.0,
1930-01-01,,,,,,6.9742,,,,1.0,
1930-02-01,,,,,,6.9473,,,,1.0,
1930-03-01,,,,,,6.8396,,,,1.0,
1930-04-01,,,,,,6.7857,,,,1.0,
1930-05-01,,,,,,6.678,,,,1.0,
1930-06-01,,,,,,6.4895,,,,1.0,
1930-07-01,,,,,,6.1933,,,,1.0,
1930-08-01,,,,,,6.0587,,,,1.0,
1930-09-01,,,,,,5.951,,,,1.0,
1930-10-01,,,,,,5.7894,,,,1.0,
1930-11-01,,,,,,5.6548,,,,1.0,
1930-12-01,,,,,,5.5201,,,,1.0,
1931-01-01,,,,,,5.4932,,,,1.0,
1931-02-01,,,,,,5.5201,,,,1.0,
1931-03-01,,,,,,5.6279,,,,1.0,
1931-04-01,,,,,,5.6548,,,,1.0,
1931-05-01,,,,,,5.574,,,,1.0,
1931-06-01,,,,,,5.4394,,,,1.0,
1931-07-01,,,,,,5.3586,,,,1.0,
1931-08-01,,,,,,5.1701,,,,1.0,
1931-09-01,,,,,,4.9277,,,,1.0,
1931-10-01,,,,,,4.7392,,,,1.0,
1931-11-01,,,,,,4.6854,,,,1.0,
1931-12-01,,,,,,4.6585,,,,1.0,
1932-01-01,,,,,,4.5238,,,,1.0,
1932-02-01,,,,,,4.4161,,,,1.0,
1932-03-01,,,,,,4.3623,,,,1.0,
1932-04-01,,,,,,4.0661,,,,1.0,
1932-05-01,,,,,,3.9314,,,,1.0,
1932-06-01,,,,,,3.7968,,,,1.0,
1932-07-01,,,,,,3.6891,,,,1.0,
1932-08-01,,,,,,3.7968,,,,1.0,
1932-09-01,,,,,,4.0391,,,,1.0,
1932-10-01,,,,,,4.1738,,,,1.0,
1932-11-01,,,,,,4.1738,,,,1.0,
1932-12-01,,,,,,4.093,,,,1.0,
1933-01-01,,,,,,4.0122,,,,1.0,
1933-02-01,,,,,,4.0391,,,,1.0,
1933-03-01,,,,,,3.7968,,,,1.0,
1933-04-01,,,,,,4.0661,,,,0.0,
1933-05-01,,,,,,4.7392,,,,0.0,
1933-06-01,,,,,,5.4663,,,,0.0,
1933-07-01,,,,,,5.9779,,,,0.0,
1933-08-01,,,,,,5.7356,,,,0.0,
1933-09-01,,,,,,5.4124,,,,0.0,
1933-10-01,,,,,,5.1432,,,,0.0,
1933-11-01,,,,,,4.847,,,,0.0,
1933-12-01,,,,,,4.8739,,,,0.0,
1934-01-01,,,,,,5.0354,,,,0.0,
1934-02-01,,,,,,5.2778,,,,0.0,
1934-03-01,,,,,,5.5201,,,,0.0,
1934-04-01,,,,,,5.5201,,,,0.0,
1934-05-01,,,,,,5.6278,,,,0.0,
1934-06-01,,,,,,5.5201,,,,0.0,
1934-07-01,,,,,,5.1432,,,,0.0,
1934-08-01,,,,,,5.0893,,,,0.0,
1934-09-01,,,,,,4.7931,,,,0.0,
1934-10-01,,,,,,5.0085,,,,0.0,
1934-11-01,,,,,,5.0624,,,,0.0,
1934-12-01,,,,,,5.3855,,,,0.0,
1935-01-01,,,,,,5.8163,,,,0.0,
1935-02-01,,,,,,5.9241,,,,0.0,
1935-03-01,,,,,,5.8971,,,,0.0,
1935-04-01,,,,,,5.7894,,,,0.0,
1935-05-01,,,,,,5.7894,,,,0.0,
1935-06-01,,,,,,5.8702,,,,0.0,
1935-07-01,,,,,,5.8702,,,,0.0,
1935-08-01,,,,,,6.0856,,,,0.0,
1935-09-01,,,,,,6.2472,,,,0.0,
1935-10-01,,,,,,6.4357,,,,0.0,
1935-11-01,,,,,,6.5703,,,,0.0,
1935-12-01,,,,,,6.6511,,,,0.0,
1936-01-01,,,,,,6.5434,,,,0.0,
1936-02-01,,,,,,6.3818,,,,0.0,
1936-03-01,,,,,,6.4626,,,,0.0,
1936-04-01,,,,,,6.8665,,,,0.0,
1936-05-01,,,,,,7.0012,,,,0.0,
1936-06-01,,,,,,7.1358,,,,0.0,
1936-07-01,,,,,,7.2704,,,,0.0,
1936-08-01,,,,,,7.3781,,,,0.0,
1936-09-01,,,,,,7.5128,,,,0.0,
1936-10-01,,,,,,7.6205,,,,0.0,
1936-11-01,,,,,,7.8359,,,,0.0,
1936-12-01,,,,,,8.0783,,,,0.0,
1937-01-01,,,,,,8.0513,,,,0.0,
1937-02-01,,,,,,8.159,,,,0.0,
1937-03-01,,,,,,8.3475,,,,0.0,
1937-04-01,,,,,,8.3475,,,,0.0,
1937-05-01,,,,,,8.3745,,,,0.0,
1937-06-01,,,,,,8.2667,,,,1.0,
1937-07-01,,,,,,8.3206,,,,1.0,
1937-08-01,,,,,,8.2667,,,,1.0,
1937-09-01,,,,,,7.9975,,,,1.0,
1937-10-01,,,,,,7.4051,,,,1.0,
1937-11-01,,,,,,6.678,,,,1.0,
1937-12-01,,,,,,6.0856,,,,1.0,
1938-01-01,,,,,,5.951,,,,1.0,
1938-02-01,,,,,,5.8971,,,,1.0,
1938-03-01,,,,,,5.8971,,,,1.0,
1938-04-01,,,,,,5.7894,,,,1.0,
1938-05-01,,,,,,5.6548,,,,1.0,
1938-06-01,,,,,,5.7086,,,,1.0,
1938-07-01,,,,,,6.0318,,,,0.0,
1938-08-01,,,,,,6.3549,,,,0.0,
1938-09-01,,,,,,6.5434,,,,0.0,
1938-10-01,,,,,,6.705,,,,0.0,
1938-11-01,,,,,,6.9742,,,,0.0,
1938-12-01,,,,,,7.055,,,,0.0,
1939-01-01,,,,,,7.055,,,,0.0,
1939-02-01,,,,,,7.1089,,,,0.0,
1939-03-01,,,,,,7.1358,,,,0.0,
1939-04-01,,,,,,7.1089,,,,0.0,
1939-05-01,,,,,,7.0819,,,,0.0,
1939-06-01,,,,,,7.2435,,,,0.0,
1939-07-01,,,,,,7.4589,,,,0.0,
1939-08-01,,,,,,7.5666,,,,0.0,
1939-09-01,,,,,,8.0244,,,,0.0,
1939-10-01,,,,,,8.4283,,,,0.0,
1939-11-01,,,,,,8.6437,,,,0.0,
1939-12-01,,,,,,8.6437,,,,0.0,
1940-01-01,,,,,,8.536,,,,0.0,
1940-02-01,,,,,,8.2667,,,,0.0,
1940-03-01,,,,,,8.0783,,,,0.0,
1940-04-01,,,,,,8.2398,,,,0.0,
1940-05-01,,,,,,8.4822,,,,0.0,
1940-06-01,,,,,,8.7514,,,,0.0,
1940-07-01,,,,,,8.8592,,,,0.0,
1940-08-01,,,,,,8.913,,,,0.0,
1940-09-01,,,,,,9.1015,,,,0.0,
1940-10-01,,,,,,9.2361,,,,0.0,
1940-11-01,,,,,,9.4516,,,,0.0,
1940-12-01,,,,,,9.7747,,,,0.0,
1941-01-01,,,,,,10.017,,,,0.0,
1941-02-01,,,,,,10.3132,,,,0.0,
1941-03-01,,,,,,10.6364,,,,0.0,
1941-04-01,,,,,,10.6633,,,,0.0,
1941-05-01,,,,,,11.148,,,,0.0,
1941-06-01,,,,,,11.2288,,,,0.0,
1941-07-01,,,,,,11.3634,,,,0.0,
1941-08-01,,,,,,11.4981,,,,0.0,
1941-09-01,,,,,,11.4981,,,,0.0,
1941-10-01,,,,,,11.6058,,,,0.0,
1941-11-01,,,,,,11.6596,,,,0.0,
1941-12-01,,,,,,11.8481,,,,0.0,
1942-01-01,,,,,,12.0905,,,,0.0,
1942-02-01,,,,,,12.3059,,,,0.0,
1942-03-01,,,,,,12.4405,,,,0.0,
1942-04-01,,,,,,12.0905,,,,0.0,
1942-05-01,,,,,,12.1174,,,,0.0,
1942-06-01,,,,,,12.1443,,,,0.0,
1942-07-01,,,,,,12.4405,,,,0.0,
1942-08-01,,,,,,12.8175,,,,0.0,
1942-09-01,,,,,,13.1137,,,,0.0,
1942-10-01,,,,,,13.5445,,,,0.0,
1942-11-01,,,,,,13.8677,,,,0.0,
1942-12-01,,,,,,14.1908,,,,0.0,
1943-01-01,,,,,,14.3255,,,,0.0,
1943-02-01,,,,,,14.7024,,,,0.0,
1943-03-01,,,,,,14.8102,,,,0.0,
1943-04-01,,,,,,14.9986,,,,0.0,
1943-05-01,,,,,,15.1063,,,,0.0,
1943-06-01,,,,,,15.0256,,,,0.0,
1943-07-01,,,,,,15.4833,,,,0.0,
1943-08-01,,,,,,15.8064,,,,0.0,
1943-09-01,,,,,,16.2104,,,,0.0,
1943-10-01,,,,,,16.4527,,,,0.0,
1943-11-01,,,,,,16.6681,,,,0.0,
1943-12-01,,,,,,16.4527,,,,0.0,
1944-01-01,,,,,,16.6412,,,,0.0,
1944-02-01,,,,,,16.7758,,,,0.0,
1944-03-01,,,,,,16.7489,,,,0.0,
1944-04-01,,,,,,16.7489,,,,0.0,
1944-05-01,,,,,,16.6412,,,,0.0,
1944-06-01,,,,,,16.5874,,,,0.0,
1944-07-01,,,,,,16.5604,,,,0.0,
1944-08-01,,,,,,16.7758,,,,0.0,
1944-09-01,,,,,,16.6681,,,,0.0,
1944-10-01,,,,,,16.722,,,,0.0,
1944-11-01,,,,,,16.5873,,,,0.0,
1944-12-01,,,,,,16.5335,,,,0.0,
1945-01-01,,,,,,16.3719,,,,0.0,
1945-02-01,,,,,,16.3181,,,,0.0,
1945-03-01,,,,,,16.2104,,,,1.0,
1945-04-01,,,,,,15.9142,,,,1.0,
1945-05-01,,,,,,15.4833,,,,1.0,
1945-06-01,,,,,,15.1333,,,,1.0,
1945-07-01,,,,,,14.7832,,,,1.0,
1945-08-01,,,,,,13.2483,,,,1.0,
1945-09-01,,,,,,12.0635,,,,1.0,
1945-10-01,,,,,,11.5788,,,,1.0,
1945-11-01,,,,,,12.0097,,,,0.0,
1945-12-01,,,,,,12.0635,,,,0.0,
1946-01-01,,,,,,11.3903,,,,0.0,
1946-02-01,,,,,,10.8249,,,,0.0,
1946-03-01,,,,,,11.9558,,,,0.0,
1946-04-01,,,,,,11.7404,,,,0.0,
1946-05-01,,,,,,11.3096,,,,0.0,
1946-06-01,,,,,,12.0097,,,,0.0,
1946-07-01,,,,,,12.4136,,,,0.0,
1946-08-01,,,,,,12.8714,,,,0.0,
1946-09-01,,,,,,13.1137,,,,0.0,
1946-10-01,,,,,,13.356,,,,0.0,
1946-11-01,,,,,,13.4368,,,,0.0,
1946-12-01,,,,,,13.5176,,,,0.0,
1947-01-01,,,,,,13.6792,,,,0.0,
1947-02-01,,,,,,13.76,,,,0.0,
1947-03-01,,,,,,13.8407,,,,0.0,
1947-04-01,,,,,,13.733,,,,0.0,
1947-05-01,,,,,,13.7869,,,,0.0,
1947-06-01,,,,,,13.7869,,,,0.0,
1947-07-01,,,,,,13.7061,,,,0.0,
1947-08-01,,,,,,13.7869,,,,0.0,
1947-09-01,,,,,,13.8946,,,,0.0,
1947-10-01,,,,,,14.0292,,,,0.0,
1947-11-01,,,,,,14.2177,,,,0.0,
1947-12-01,,,,,,14.2716,,,,0.0,
1948-01-01,3.4,,,,,14.3524,,,,0.0,
1948-02-01,3.8,,,,,14.3793,,,,0.0,
1948-03-01,4.0,,,,,14.2177,,,,0.0,
1948-04-01,3.9,,,,,14.2447,,,,0.0,
1948-05-01,3.5,,,,,14.487,,,,0.0,
1948-06-01,3.6,,,,,14.6755,,,,0.0,
1948-07-01,3.6,,,,,14.6755,,,,0.0,
1948-08-01,3.9,,,,,14.6216,,,,0.0,
1948-09-01,3.8,,,,,14.5139,,,,0.0,
1948-10-01,3.7,,,,,14.6217,,,,0.0,
1948-11-01,3.8,,,,,14.4332,,,,0.0,
1948-12-01,4.0,,,,,14.2985,,,,1.0,
1949-01-01,4.3,,,,,14.1639,,,,1.0,
1949-02-01,4.7,,,,,14.0292,,,,1.0,
1949-03-01,5.0,,,,,13.76,,,,1.0,
1949-04-01,5.3,,,,,13.6792,,,,1.0,
1949-05-01,6.1,,,,,13.4907,,,,1.0,
1949-06-01,6.2,,,,,13.4638,,,,1.0,
1949-07-01,6.7,,,,,13.4368,,,,1.0,
1949-08-01,6.8,,,,,13.5715,,,,1.0,
1949-09-01,6.6,,,,,13.7061,,,,1.0,
1949-10-01,7.9,,,,,13.1945,,,,1.0,
1949-11-01,6.4,,,,,13.5446,,,,0.0,
1949-12-01,6.6,,,,,13.7869,,,,0.0,
1950-01-01,6.5,,,,,14.0292,,,,0.0,
1950-02-01,6.4,,,,,14.0831,,,,0.0,
1950-03-01,6.3,,,,,14.5409,,,,0.0,
1950-04-01,5.8,,,,,15.0255,,,,0.0,
1950-05-01,5.5,,,,,15.3756,,,,0.0,
1950-06-01,5.4,,,,,15.8334,,,,0.0,
1950-07-01,5.0,,,,,16.345,,,,0.0,
1950-08-01,4.5,,,,,16.8566,,,,0.0,
1950-09-01,4.4,,,,,16.7489,,,,0.0,
1950-10-01,4.2,,,,,16.8566,,,,0.0,
1950-11-01,4.2,,,,,16.8297,,,,0.0,
1950-12-01,4.3,,,,,17.1259,,,,0.0,
1951-01-01,3.7,,,,,17.1797,,,,0.0,
1951-02-01,3.4,,,,,17.2875,,,,0.0,
1951-03-01,3.4,,,,,17.3682,,,,0.0,
1951-04-01,3.1,,,,,17.3952,,,,0.0,
1951-05-01,3.0,,,,,17.3413,,,,0.0,
1951-06-01,3.2,,,,,17.2605,,,,0.0,
1951-07-01,3.1,,,,,16.9913,,,,0.0,
1951-08-01,3.1,,,,,16.8297,,,,0.0,
1951-09-01,3.3,,,,,16.9374,,,,0.0,
1951-10-01,3.5,,,,,16.9105,,,,0.0,
1951-11-01,3.5,,,,,17.0451,,,,0.0,
1951-12-01,3.1,,,,,17.1528,,,,0.0,
1952-01-01,3.2,,,,,17.3413,,,,0.0,
1952-02-01,3.1,,,,,17.449,,,,0.0,
1952-03-01,2.9,,,,,17.5029,,,,0.0,
1952-04-01,2.9,,,,,17.3413,,,,0.0,
1952-05-01,3.0,,,,,17.1798,,,,0.0,
1952-06-01,3.0,,,,,17.0182,,,,0.0,
1952-07-01,3.2,,,,,16.7489,,,,0.0,
1952-08-01,3.4,,,,,17.826,,,,0.0,
1952-09-01,3.1,,,,,18.4723,,,,0.0,
1952-10-01,3.0,,,,,18.6608,,,,0.0,
1952-11-01,2.8,,,,,19.0378,,86.2,,0.0,
1952-12-01,2.7,,,,,19.1455,,,,0.0,
1953-01-01,2.9,,,,,19.1993,,,,0.0,
1953-02-01,2.6,,,,,19.307,,90.7,,0.0,
1953-03-01,2.6,,,,,19.4686,,,,0.0,
1953-04-01,2.7,,,,,19.5494,,,0.82,0.0,
1953-05-01,2.5,,,,,19.6571,,,0.73,0.0,
1953-06-01,2.5,,,,,19.5763,,,0.75,0.0,
1953-07-01,2.6,,,,,19.8187,,,0.93,0.0,
1953-08-01,2.7,,,,,19.7109,,80.8,0.9,1.0,
1953-09-01,2.9,,,,,19.307,,,1.01,1.0,
1953-10-01,3.1,,,,,19.1455,,,1.16,1.0,
1953-11-01,3.5,,,,,18.6877,,80.7,1.07,1.0,
1953-12-01,4.5,,,,,18.2299,,,1.15,1.0,
1954-01-01,4.9,,,,,18.0953,,,1.23,1.0,
1954-02-01,5.2,,,,,18.1492,,82.0,1.14,1.0,
1954-03-01,5.7,,,,,18.0414,,,1.14,1.0,
1954-04-01,5.9,,,,,17.9337,,,1.18,1.0,
1954-05-01,5.9,,,,,18.0414,,82.9,1.1,1.0,
1954-06-01,5.6,,,,,18.0953,,,1.11,0.0,
1954-07-01,5.8,0.8,,,,18.1222,,,1.2,0.0,
1954-08-01,6.0,1.22,,,,18.0953,,,1.13,0.0,
1954-09-01,6.1,1.07,,,,18.1222,,,1.09,0.0,
1954-10-01,5.7,0.85,,,,18.3377,,,1.03,0.0,
1954-11-01,5.3,0.83,,,,18.6338,,87.0,0.97,0.0,
1954-12-01,5.0,1.28,,,,18.8762,,,0.94,0.0,
1955-01-01,4.9,1.39,,,,19.307,,,0.84,0.0,
1955-02-01,4.7,1.29,,,,19.5494,,95.9,0.82,0.0,
1955-03-01,4.6,1.35,,,,20.0071,,,0.8,0.0,
1955-04-01,4.7,1.43,,,,20.2495,,,0.74,0.0,
1955-05-01,4.3,1.43,,,,20.5726,,99.1,0.74,0.0,
1955-06-01,4.2,1.64,,,,20.5996,,,0.73,0.0,
1955-07-01,4.0,1.68,,,,20.7611,,,0.62,0.0,
1955-08-01,4.2,1.96,,,,20.7342,,,0.59,0.0,
1955-09-01,4.1,2.18,,,,20.8688,,,0.62,0.0,
1955-10-01,4.3,2.24,,,,21.2189,,,0.71,0.0,
1955-11-01,4.2,2.35,,,,21.2727,,99.7,0.69,0.0,
1955-12-01,4.2,2.48,,,,21.3535,,,0.66,0.0,
1956-01-01,4.0,2.45,,,,21.4882,,,0.7,0.0,
1956-02-01,3.9,2.5,,,,21.2997,,,0.74,0.0,
1956-03-01,4.2,2.5,,,,21.2997,,,0.64,0.0,
1956-04-01,4.0,2.62,,,,21.4612,,,0.5,0.0,
1956-05-01,4.3,2.75,,,,21.2728,,98.2,0.66,0.0,
1956-06-01,4.3,2.71,,,,21.0843,,,0.76,0.0,
1956-07-01,4.4,2.75,,,,20.438,,,0.69,0.0,
1956-08-01,4.1,2.73,,,,21.2727,,99.9,0.6,0.0,
1956-09-01,3.9,2.95,,,,21.7574,,,0.69,0.0,
1956-10-01,3.9,2.96,,,,21.9459,,,0.83,0.0,
1956-11-01,4.3,2.88,,,,21.7574,,100.2,0.75,0.0,
1956-12-01,4.2,2.94,,,,22.0806,,,0.78,0.0,
1957-01-01,4.2,2.84,,,,21.9998,,,1.03,0.0,
1957-02-01,3.9,3.0,,,,22.2152,,,1.13,0.0,
1957-03-01,3.7,2.96,,,,22.1883,,,1.02,0.0,
1957-04-01,3.9,3.0,,,,21.8921,,,0.96,0.0,
1957-05-01,4.1,3.0,,,,21.8113,,92.9,0.92,0.0,
1957-06-01,4.3,3.0,,,,21.8652,,,0.83,0.0,
1957-07-01,4.2,2.99,,,,21.9998,,,0.8,0.0,
1957-08-01,4.1,3.24,,,,21.9998,,,0.89,0.0,
1957-09-01,4.4,3.47,,,,21.8113,,,1.01,1.0,
1957-10-01,4.5,3.5,,,,21.4882,,,1.02,1.0,
1957-11-01,5.1,3.28,,,,20.9765,,83.7,1.37,1.0,
1957-12-01,5.2,2.98,,,,20.5726,,,1.82,1.0,
1958-01-01,5.8,2.72,,,,20.1956,,,1.74,1.0,
1958-02-01,6.4,1.67,,,,19.7648,,78.5,1.61,1.0,
1958-03-01,6.7,1.2,,,,19.5225,,,1.7,1.0,
1958-04-01,7.4,1.26,,,,19.1993,,,1.79,1.0,
1958-05-01,7.4,0.63,,,,19.3878,,80.9,1.7,0.0,
1958-06-01,7.3,0.93,,,,19.8994,,,1.58,0.0,
1958-07-01,7.5,0.68,,,,20.1956,,,1.33,0.0,
1958-08-01,7.4,1.53,,,,20.5995,,,1.13,0.0,
1958-09-01,7.1,1.76,,,,20.7881,,,1.11,0.0,
1958-10-01,6.7,1.8,,,,21.0304,,,1.12,0.0,
1958-11-01,6.2,2.27,,,,21.6497,,90.8,1.13,0.0,
1958-12-01,6.2,2.42,,,,21.6767,,,0.99,0.0,
1959-01-01,6.0,2.48,,1657.0,,21.9998,,,0.85,0.0,
1959-02-01,5.9,2.43,,1667.0,,22.4306,,,0.93,0.0,
1959-03-01,5.6,2.8,,1620.0,,22.7538,,,0.86,0.0,
1959-04-01,5.2,2.96,,1590.0,,23.2384,,,0.74,0.0,
1959-05-01,5.1,2.9,,1498.0,,23.5885,,95.3,0.65,0.0,
1959-06-01,5.0,3.39,,1503.0,,23.6155,,,0.7,0.0,
1959-07-01,5.1,3.47,,1547.0,,23.05,,,0.68,0.0,
1959-08-01,5.2,3.5,,1430.0,,22.2691,,,0.66,0.0,
1959-09-01,5.5,3.76,,1540.0,,22.2421,,,0.5,0.0,
1959-10-01,5.7,3.98,,1355.0,,22.0806,,,0.75,0.0,
1959-11-01,5.8,4.0,,1416.0,,22.2152,,93.8,0.73,0.0,
1959-12-01,5.3,3.99,,1601.0,,23.5885,,,0.59,0.0,
1960-01-01,5.2,3.99,,1460.0,1092.0,24.2078,,,0.62,0.0,
1960-02-01,4.8,3.97,,1503.0,1088.0,23.9924,,100.0,0.85,0.0,
1960-03-01,5.4,3.84,,1109.0,955.0,23.777,,,1.0,0.0,
1960-04-01,5.2,3.92,,1289.0,1016.0,23.5885,,,0.92,0.0,
1960-05-01,5.1,3.85,,1271.0,1052.0,23.5616,,93.3,0.93,1.0,
1960-06-01,5.4,3.32,,1247.0,958.0,23.2654,,,1.11,1.0,
1960-07-01,5.5,3.23,,1197.0,999.0,23.1846,,,1.32,1.0,
1960-08-01,5.6,2.98,,1344.0,994.0,23.1577,,97.2,1.28,1.0,
1960-09-01,5.5,2.6,,1097.0,984.0,22.9153,,,1.21,1.0,
1960-10-01,6.1,2.47,,1246.0,972.0,22.8884,,,1.22,1.0,
1960-11-01,6.1,2.44,,1246.0,979.0,22.5653,,90.1,1.15,1.0,
1960-12-01,6.6,1.98,,1063.0,951.0,22.1344,,,1.26,1.0,
1961-01-01,6.6,1.45,,1183.0,969.0,22.1613,,,1.26,1.0,
1961-02-01,6.9,2.54,,1226.0,961.0,22.1344,,91.6,1.29,1.0,
1961-03-01,6.9,2.02,,1312.0,1000.0,22.2691,,,1.28,0.0,
1961-04-01,7.0,1.49,,1166.0,1002.0,22.7268,,,1.23,0.0,
1961-05-01,7.1,1.98,,1228.0,1027.0,23.0769,,92.5,1.3,0.0,
1961-06-01,6.9,1.73,,1382.0,1070.0,23.4,,,1.15,0.0,
1961-07-01,7.0,1.17,,1335.0,1083.0,23.6693,,,1.17,0.0,
1961-08-01,6.6,2.0,,1312.0,1159.0,23.8847,,99.2,1.07,0.0,
1961-09-01,6.7,1.88,,1429.0,1098.0,23.8578,,,1.14,0.0,
1961-10-01,6.5,2.26,,1415.0,1123.0,24.3156,,,1.21,0.0,
1961-11-01,6.1,2.61,,1385.0,1152.0,24.6926,,93.0,1.17,0.0,
1961-12-01,6.0,2.33,,1365.0,1161.0,24.908,,,1.04,0.0,
1962-01-01,5.8,2.15,,1361.0,1122.0,24.6925,,,1.0,0.0,
1962-02-01,5.5,2.37,,1278.0,1194.0,25.0964,,99.9,1.03,0.0,
1962-03-01,5.6,2.85,,1443.0,1134.0,25.2311,,,1.11,0.0,
1962-04-01,5.6,2.78,,1524.0,1235.0,25.285,,,1.18,0.0,
1962-05-01,5.5,2.36,,1483.0,1142.0,25.258,,95.4,1.13,0.0,
1962-06-01,5.5,2.68,,1404.0,1154.0,25.2042,,,1.11,0.0,
1962-07-01,5.4,2.71,,1450.0,1189.0,25.4465,,,1.04,0.0,
1962-08-01,5.7,2.93,,1517.0,1200.0,25.4734,,91.6,1.08,0.0,
1962-09-01,5.6,2.9,,1324.0,1223.0,25.635,,,1.05,0.0,
1962-10-01,5.4,2.9,,1533.0,1181.0,25.6619,,,1.06,0.0,
1962-11-01,5.7,2.94,,1622.0,1236.0,25.7696,,95.0,1.04,0.0,
1962-12-01,5.5,2.93,,1564.0,1236.0,25.7696,,,1.06,0.0,
1963-01-01,5.7,2.92,,1244.0,1248.0,25.9581,,,1.08,0.0,
1963-02-01,5.9,3.0,,1456.0,1212.0,26.2544,,98.4,0.97,0.0,
1963-03-01,5.7,2.98,,1534.0,1258.0,26.4159,,,0.95,0.0,
1963-04-01,5.7,2.9,,1689.0,1288.0,26.6582,,,0.9,0.0,
1963-05-01,5.9,3.0,,1641.0,1350.0,26.9814,,91.7,0.92,0.0,
1963-06-01,5.6,2.99,,1588.0,1345.0,27.0622,,,0.85,0.0,
1963-07-01,5.6,3.02,,1614.0,1321.0,26.9545,,,0.82,0.0,
1963-08-01,5.4,3.49,,1639.0,1310.0,27.0083,,96.4,0.83,0.0,
1963-09-01,5.5,3.48,,1763.0,1413.0,27.2776,,,0.76,0.0,
1963-10-01,5.5,3.5,,1779.0,1414.0,27.4661,,,0.72,0.0,
1963-11-01,5.7,3.48,,1622.0,1357.0,27.6007,,94.4,0.72,0.0,
1963-12-01,5.5,3.38,,1491.0,1423.0,27.5469,,,0.72,0.0,
1964-01-01,5.6,3.48,,1603.0,1296.0,27.7892,,,0.66,0.0,
1964-02-01,5.4,3.48,,1820.0,1442.0,27.9777,,99.5,0.68,0.0,
1964-03-01,5.4,3.43,,1517.0,1313.0,27.9777,,,0.61,0.0,
1964-04-01,5.3,3.47,,1448.0,1264.0,28.4355,,,0.62,0.0,
1964-05-01,5.1,3.5,,1467.0,1299.0,28.597,,98.5,0.65,0.0,
1964-06-01,5.2,3.5,,1550.0,1280.0,28.6778,,,0.68,0.0,
1964-07-01,4.9,3.42,,1562.0,1304.0,28.8663,,,0.64,0.0,
1964-08-01,5.0,3.5,,1569.0,1306.0,29.0548,,100.6,0.63,0.0,
1964-09-01,5.1,3.45,,1455.0,1265.0,29.1625,,,0.62,0.0,
1964-10-01,5.1,3.36,,1524.0,1230.0,28.7586,,,0.62,0.0,
1964-11-01,4.8,3.52,,1486.0,1254.0,29.6472,,99.9,0.66,0.0,
1964-12-01,5.0,3.85,,1484.0,1164.0,29.9973,,,0.63,0.0,
1965-01-01,4.9,3.9,,1361.0,1264.0,30.3204,,,0.61,0.0,
1965-02-01,5.1,3.98,,1433.0,1185.0,30.5089,,102.0,0.57,0.0,
1965-03-01,4.7,4.05,,1423.0,1211.0,30.9128,,,0.57,0.0,
1965-04-01,4.8,4.09,,1438.0,1162.0,31.0474,,,0.6,0.0,
1965-05-01,4.6,4.1,,1478.0,1207.0,31.2898,,105.4,0.6,0.0,
1965-06-01,4.6,4.05,,1488.0,1241.0,31.5321,,,0.64,0.0,
1965-07-01,4.4,4.09,,1529.0,1237.0,31.8283,,,0.68,0.0,
1965-08-01,4.4,4.12,,1432.0,1249.0,31.963,,103.4,0.63,0.0,
1965-09-01,4.3,4.02,,1482.0,1227.0,32.0438,,,0.62,0.0,
1965-10-01,4.2,4.08,,1452.0,1279.0,32.3669,,,0.58,0.0,
1965-11-01,4.1,4.1,,1460.0,1306.0,32.5015,,102.9,0.5,0.0,
1965-12-01,4.0,4.32,,1656.0,1315.0,32.9054,,,0.4,0.0,
1966-01-01,4.0,4.42,,1370.0,1325.0,33.2286,,,0.45,0.0,
1966-02-01,3.8,4.6,,1378.0,1159.0,33.444,,100.0,0.29,0.0,
1966-03-01,3.8,4.66,,1394.0,1234.0,33.9018,,,0.45,0.0,
1966-04-01,3.8,4.67,,1352.0,1145.0,33.9556,,,0.66,0.0,
1966-05-01,3.9,4.9,,1265.0,1078.0,34.2787,,95.7,0.7,0.0,
1966-06-01,3.8,5.17,,1194.0,956.0,34.4403,,,0.77,0.0,
1966-07-01,3.8,5.3,,1086.0,932.0,34.6288,,,0.66,0.0,
1966-08-01,3.8,5.53,,1119.0,877.0,34.6557,,91.2,0.61,0.0,
1966-09-01,3.7,5.4,,1046.0,774.0,34.9789,,,0.91,0.0,
1966-10-01,3.7,5.53,,843.0,739.0,35.2212,,,1.09,0.0,
1966-11-01,3.6,5.76,,961.0,736.0,34.9788,,88.3,0.97,0.0,
1966-12-01,3.8,5.4,,990.0,743.0,35.0596,,,1.34,0.0,
1967-01-01,3.9,4.94,,1067.0,995.0,35.225,89.3902,,1.39,0.0,209000.0
1967-02-01,3.8,5.0,,1123.0,907.0,34.8255,87.975,94.1,1.19,0.0,229000.0
1967-03-01,3.8,4.53,,1056.0,955.0,34.6292,87.0835,,1.31,0.0,260750.0
1967-04-01,3.8,4.05,,1091.0,1035.0,34.9558,87.5089,,1.24,0.0,263000.0
1967-05-01,3.8,3.94,,1304.0,1076.0,34.6508,86.3566,95.9,1.11,0.0,235750.0
1967-06-01,3.9,3.98,,1248.0,1169.0,34.6465,85.9603,,1.13,0.0,232000.0
1967-07-01,3.8,3.79,,1364.0,1177.0,34.5676,85.3833,,1.1,0.0,227800.0
1967-08-01,3.8,3.9,,1407.0,1229.0,35.2299,86.6339,97.0,1.05,0.0,212750.0
1967-09-01,3.8,3.99,,1421.0,1279.0,35.1727,86.1122,,1.1,0.0,216400.0
1967-10-01,4.0,3.88,,1491.0,1280.0,35.4591,86.4325,,1.04,0.0,216750.0
1967-11-01,3.9,4.13,,1538.0,1297.0,35.9663,87.2856,92.9,0.97,0.0,206250.0
1967-12-01,3.8,4.51,,1308.0,1315.0,36.3536,87.8417,,1.23,0.0,211200.0
1968-01-01,3.7,4.61,,1380.0,1179.0,36.3145,87.3856,,1.31,0.0,215750.0
1968-02-01,3.8,4.71,,1520.0,1342.0,36.4446,87.352,97.2,1.24,0.0,210750.0
1968-03-01,3.7,5.05,,1466.0,1370.0,36.5584,87.2794,,1.11,0.0,195200.0
1968-04-01,3.5,5.76,,1554.0,1286.0,36.6113,87.0627,,1.33,0.0,199000.0
1968-05-01,3.5,6.12,,1408.0,1297.0,37.022,87.6951,92.4,1.16,0.0,199000.0
1968-06-01,3.7,6.07,,1405.0,1300.0,37.158,87.6744,,1.35,0.0,193600.0
1968-07-01,3.7,6.03,,1512.0,1344.0,37.101,87.2002,,1.48,0.0,196250.0
1968-08-01,3.5,6.03,,1495.0,1357.0,37.2045,87.1055,92.4,1.4,0.0,199400.0
1968-09-01,3.4,5.78,,1556.0,1464.0,37.3454,87.0988,,1.33,0.0,191000.0
1968-10-01,3.4,5.91,,1569.0,1421.0,37.4196,86.9369,,1.26,0.0,186000.0
1968-11-01,3.4,5.82,,1630.0,1436.0,37.9036,87.7249,91.7,1.31,0.0,183400.0
1968-12-01,3.4,6.02,,1548.0,1389.0,38.0233,87.6668,,1.2,0.0,199500.0
1969-01-01,3.4,6.3,,1769.0,1459.0,38.2533,87.8712,,1.28,0.0,191500.0
1969-02-01,3.4,6.61,,1705.0,1495.0,38.4981,88.1166,98.2,1.11,0.0,196000.0
1969-03-01,3.4,6.79,,1561.0,1438.0,38.8,88.4902,,1.21,0.0,189000.0
1969-04-01,3.4,7.41,,1524.0,1441.0,38.6573,87.8507,,1.37,0.0,184000.0
1969-05-01,3.4,8.67,,1583.0,1328.0,38.5111,87.2081,91.5,1.2,0.0,181200.0
1969-06-01,3.5,8.9,,1528.0,1349.0,38.8874,87.7487,,1.13,0.0,192000.0
1969-07-01,3.5,8.61,,1368.0,1278.0,39.0927,87.9011,,1.12,0.0,208750.0
1969-08-01,3.5,9.19,,1358.0,1317.0,39.1825,87.7936,86.4,1.17,0.0,198400.0
1969-09-01,3.7,9.15,,1507.0,1263.0,39.1737,87.4667,,0.89,0.0,194750.0
1969-10-01,3.7,9.0,,1381.0,1216.0,39.1852,87.1872,,1.12,0.0,199250.0
1969-11-01,3.5,8.85,,1229.0,1191.0,38.8158,86.0651,79.7,1.11,0.0,205000.0
1969-12-01,3.5,8.97,,1327.0,1155.0,38.7116,85.5368,,1.0,0.0,219750.0
1970-01-01,3.9,8.98,,1085.0,1062.0,37.9948,83.6765,,1.07,1.0,247000.0
1970-02-01,4.2,8.98,,1305.0,1118.0,37.9698,83.3607,78.1,1.54,1.0,258500.0
1970-03-01,4.4,7.76,,1319.0,1132.0,37.9205,82.9935,,1.56,1.0,268250.0
1970-04-01,4.6,8.1,,1264.0,1224.0,37.823,82.5235,,1.31,1.0,325250.0
1970-05-01,4.8,7.95,,1290.0,1328.0,37.7789,82.1724,75.4,1.07,1.0,310400.0
1970-06-01,4.9,7.61,,1385.0,1322.0,37.6567,81.6542,,1.41,1.0,296500.0
1970-07-01,5.0,7.21,,1517.0,1324.0,37.7491,81.6031,,1.94,1.0,286500.0
1970-08-01,5.1,6.62,,1399.0,1394.0,37.6818,81.208,77.6,1.91,1.0,285400.0
1970-09-01,5.4,6.29,,1534.0,1426.0,37.4221,80.4019,,2.0,1.0,318500.0
1970-10-01,5.5,6.2,,1580.0,1564.0,36.6735,78.5535,,2.0,1.0,333600.0
1970-11-01,5.9,5.6,,1647.0,1502.0,36.4514,77.8407,72.4,2.54,1.0,325250.0
1970-12-01,6.1,4.9,,1893.0,1767.0,37.2885,79.3872,,2.73,0.0,306000.0
1971-01-01,5.9,4.14,,1828.0,1643.0,37.5753,79.7753,,2.5,0.0,298800.0
1971-02-01,5.9,3.72,,1741.0,1588.0,37.5037,79.4216,78.1,2.28,0.0,284000.0
1971-03-01,6.0,3.71,,1910.0,1759.0,37.4631,79.1348,,2.76,0.0,293750.0
1971-04-01,5.9,4.16,,1986.0,1745.0,37.6735,79.3783,,2.62,0.0,287500.0
1971-05-01,5.9,4.63,,2049.0,1972.0,37.8646,79.5802,80.2,2.23,0.0,292200.0
1971-06-01,5.9,4.91,,2026.0,1903.0,38.0234,79.7132,,2.23,0.0,296500.0
1971-07-01,6.0,5.31,,2083.0,2069.0,37.9131,79.2827,,2.03,0.0,293200.0
1971-08-01,6.1,5.57,,2158.0,2004.0,37.693,78.6255,82.1,2.18,0.0,325250.0
1971-09-01,6.0,5.55,,2041.0,1996.0,38.3056,79.7041,,2.45,0.0,320250.0
1971-10-01,5.8,5.2,,2128.0,2026.0,38.5924,80.1009,,2.55,0.0,297600.0
1971-11-01,6.0,4.91,,2182.0,2079.0,38.7561,80.2412,82.0,2.57,0.0,287000.0
1971-12-01,6.0,4.14,,2295.0,2133.0,39.2035,80.9666,,2.45,0.0,273000.0
1972-01-01,5.8,3.51,,2494.0,2238.0,40.1408,82.6938,,2.28,0.0,271200.0
1972-02-01,5.7,3.3,,2390.0,2169.0,40.5459,83.3296,92.8,2.15,0.0,263500.0
1972-03-01,5.8,3.83,,2334.0,2105.0,40.8263,83.7028,,2.17,0.0,262750.0
1972-04-01,5.7,4.17,,2249.0,2139.0,41.2348,84.3315,,2.05,0.0,263000.0
1972-05-01,5.7,4.27,,2221.0,2067.0,41.2405,84.1324,88.6,2.1,0.0,267750.0
1972-06-01,5.7,4.46,,2254.0,2183.0,41.3497,84.14,,2.09,0.0,273250.0
1972-07-01,5.6,4.55,,2252.0,2195.0,41.3035,83.8269,,2.12,0.0,297600.0
1972-08-01,5.6,4.81,,2382.0,2263.0,41.879,84.7662,95.2,1.98,0.0,253500.0
1972-09-01,5.5,4.87,,2481.0,2393.0,42.2132,85.2041,,1.54,0.0,256200.0
1972-10-01,5.6,5.05,,2485.0,2354.0,42.7494,86.0358,,1.58,0.0,251000.0
1972-11-01,5.3,5.06,,2421.0,2234.0,43.2548,86.7902,90.7,1.71,0.0,250750.0
1972-12-01,5.2,5.33,,2366.0,2419.0,43.7367,87.4839,,1.57,0.0,242400.0
1973-01-01,4.9,5.94,,2481.0,2271.0,44.0529,87.8373,,1.44,0.0,228500.0
1973-02-01,5.0,6.58,,2289.0,2226.0,44.6827,88.8026,81.9,1.33,0.0,222000.0
1973-03-01,4.9,7.09,,2365.0,2062.0,44.7045,88.5495,,1.32,0.0,227200.0
1973-04-01,5.0,7.12,,2084.0,1908.0,44.6387,88.12,,1.42,0.0,239000.0
1973-05-01,4.9,7.84,,2266.0,1931.0,44.9429,88.4157,77.0,1.21,0.0,240250.0
1973-06-01,4.9,8.49,,2067.0,2051.0,45.0035,88.2262,,1.23,0.0,238800.0
1973-07-01,4.8,10.4,,2123.0,1819.0,45.1636,88.2329,,1.11,0.0,242750.0
1973-08-01,4.8,10.5,,2051.0,1809.0,45.1019,87.8096,72.0,1.13,0.0,258250.0
1973-09-01,4.8,10.78,,1874.0,1704.0,45.4624,88.2111,,1.54,0.0,246800.0
1973-10-01,4.6,10.01,,1677.0,1411.0,45.847,88.6604,,1.62,0.0,241500.0
1973-11-01,4.8,10.03,,1724.0,1402.0,46.0553,88.7722,76.5,1.69,0.0,253750.0
1973-12-01,4.9,9.95,,1526.0,1288.0,45.923,88.2372,,1.74,1.0,284000.0
1974-01-01,5.1,9.65,,1451.0,1331.0,45.6204,87.3838,,1.49,1.0,305250.0
1974-02-01,5.2,8.97,,1752.0,1360.0,45.4759,86.8467,61.8,1.57,1.0,318500.0
1974-03-01,5.1,9.35,,1555.0,1440.0,45.4777,86.6003,,1.41,1.0,311600.0
1974-04-01,5.1,10.51,,1607.0,1254.0,45.3451,86.1121,,1.36,1.0,293000.0
1974-05-01,5.1,11.31,,1426.0,1138.0,45.7044,86.5677,72.1,1.47,1.0,297500.0
1974-06-01,5.4,11.93,,1513.0,1086.0,45.6238,86.199,,1.73,1.0,305600.0
1974-07-01,5.5,12.92,,1316.0,1002.0,45.7221,86.1814,,1.67,1.0,309500.0
1974-08-01,5.5,12.01,,1142.0,917.0,45.2366,85.0763,64.4,1.73,1.0,341400.0
1974-09-01,5.9,11.34,,1150.0,840.0,45.2365,84.8954,,2.14,1.0,360750.0
1974-10-01,6.0,10.06,,1070.0,824.0,45.1133,84.4923,,2.58,1.0,396750.0
1974-11-01,6.6,9.45,,1026.0,783.0,43.6278,81.5562,59.5,2.92,1.0,457600.0
1974-12-01,7.2,8.53,,975.0,869.0,42.0533,78.472,,3.2,1.0,524000.0
1975-01-01,8.1,7.13,,1032.0,726.0,41.4676,77.2469,,3.31,1.0,535000.0
1975-02-01,8.1,6.24,,904.0,729.0,40.5165,75.3499,57.6,3.26,1.0,544500.0
1975-03-01,8.6,5.54,,993.0,709.0,40.0638,74.3882,,2.75,1.0,546600.0
1975-04-01,8.8,5.49,,1005.0,866.0,40.1573,74.4459,,2.35,0.0,525250.0
1975-05-01,9.0,5.22,,1121.0,914.0,40.0253,74.0862,72.8,2.63,0.0,498800.0
1975-06-01,8.8,5.55,,1087.0,946.0,40.2772,74.4361,,2.76,0.0,495500.0
1975-07-01,8.6,6.1,,1226.0,1020.0,40.6994,75.0977,,2.49,0.0,442000.0
1975-08-01,8.4,6.14,,1260.0,994.0,41.0998,75.713,75.7,2.19,0.0,452000.0
1975-09-01,8.4,6.24,,1264.0,1064.0,41.6304,76.5611,,2.18,0.0,445250.0
1975-10-01,8.4,5.82,,1344.0,1096.0,41.8135,76.763,,2.48,0.0,421250.0
1975-11-01,8.3,5.22,,1360.0,1110.0,41.8697,76.726,75.6,2.51,0.0,400600.0
1975-12-01,8.2,5.2,,1321.0,1091.0,42.4414,77.6271,,2.56,0.0,374250.0
1976-01-01,7.9,4.87,,1367.0,1195.0,43.0012,78.498,,2.67,0.0,371200.0
1976-02-01,7.7,4.77,,1538.0,1190.0,43.4229,79.1054,84.6,2.45,0.0,348250.0
1976-03-01,7.6,4.84,,1421.0,1164.0,43.5168,79.1091,,2.39,0.0,360500.0
1976-04-01,7.7,4.82,,1395.0,1132.0,43.7327,79.3299,,2.38,0.0,370250.0
1976-05-01,7.4,5.29,,1459.0,1194.0,43.9186,79.4908,83.3,1.96,0.0,391600.0
1976-06-01,7.6,5.48,,1495.0,1188.0,43.9637,79.3919,,2.03,0.0,393750.0
1976-07-01,7.8,5.31,,1401.0,1245.0,44.2141,79.6612,,1.99,0.0,390800.0
1976-08-01,7.8,5.29,,1550.0,1309.0,44.5182,80.0235,89.7,1.87,0.0,388500.0
1976-09-01,7.6,5.25,,1720.0,1481.0,44.6721,80.1127,,1.81,0.0,407500.0
1976-10-01,7.7,5.02,,1629.0,1425.0,44.6585,79.8993,,1.88,0.0,409000.0
1976-11-01,7.8,4.95,,1641.0,1531.0,45.3392,80.9231,87.0,1.94,0.0,389500.0
1976-12-01,7.8,4.65,,1804.0,1511.0,45.8294,81.6007,,2.25,0.0,373750.0
1977-01-01,7.5,4.61,,1527.0,1466.0,45.5087,80.8351,,1.87,0.0,401800.0
1977-02-01,7.6,4.68,,1943.0,1560.0,46.2277,81.9059,87.1,1.73,0.0,450750.0
1977-03-01,7.4,4.69,,2063.0,1660.0,46.8185,82.7413,,1.66,0.0,360250.0
1977-04-01,7.2,4.73,,1892.0,1660.0,47.2684,83.3222,,1.7,0.0,367400.0
1977-05-01,7.0,5.35,,1971.0,1668.0,47.6411,83.7597,90.2,1.55,0.0,380250.0
1977-06-01,7.2,5.39,,1893.0,1752.0,48.0116,84.1859,,1.63,0.0,361250.0
1977-07-01,6.9,5.42,,2058.0,1687.0,48.073,84.0665,,1.54,0.0,361400.0
1977-08-01,7.0,5.9,,2020.0,1780.0,48.1205,83.9208,89.0,1.42,0.0,367250.0
1977-09-01,6.8,6.14,,1949.0,1674.0,48.3189,84.0352,,1.46,0.0,368750.0
1977-10-01,6.8,6.47,,2042.0,1758.0,48.3871,83.9207,,1.37,0.0,359000.0
1977-11-01,6.8,6.51,,2042.0,1771.0,48.4761,83.8404,84.4,1.37,0.0,353500.0
1977-12-01,6.4,6.56,,2142.0,1754.0,48.5629,83.7565,,1.3,0.0,359600.0
1978-01-01,6.4,6.7,,1718.0,1740.0,47.8481,82.2955,83.7,1.21,0.0,351000.0
1978-02-01,6.3,6.78,,1738.0,1736.0,48.1044,82.5071,84.3,1.17,0.0,383250.0
1978-03-01,6.3,6.79,,2032.0,1799.0,49.0265,83.8568,78.8,1.18,0.0,349000.0
1978-04-01,6.1,6.89,,2197.0,1948.0,50.0206,85.3237,81.6,1.17,0.0,326000.0
1978-05-01,6.0,7.36,,2075.0,1766.0,50.254,85.4885,82.9,1.14,0.0,327000.0
1978-06-01,5.9,7.6,,2070.0,1983.0,50.5801,85.8087,80.0,1.14,0.0,324250.0
1978-07-01,6.2,7.81,,2092.0,1786.0,50.5384,85.506,82.4,0.96,0.0,350200.0
1978-08-01,5.9,8.04,,1996.0,1691.0,50.7458,85.6255,78.4,1.07,0.0,348750.0
1978-09-01,6.0,8.45,,1970.0,1751.0,50.8744,85.6112,80.4,1.0,0.0,322600.0
1978-10-01,5.8,8.96,,1981.0,1781.0,51.2559,86.0203,79.3,0.95,0.0,328250.0
1978-11-01,5.9,9.76,,2094.0,1795.0,51.6514,86.4507,75.0,1.02,0.0,330500.0
1978-12-01,6.0,10.03,,2044.0,1818.0,51.909,86.6488,66.1,0.93,0.0,355600.0
1979-01-01,5.9,10.07,,1630.0,1461.0,51.6278,85.95,72.1,1.03,0.0,357500.0
1979-02-01,5.9,10.06,,1520.0,1492.0,51.8752,86.1333,73.9,0.98,0.0,358500.0
1979-03-01,5.8,10.09,,1847.0,1720.0,52.0446,86.1874,68.4,1.14,0.0,358000.0
1979-04-01,5.8,10.01,,1748.0,1597.0,51.4193,84.9317,66.0,1.15,0.0,415500.0
1979-05-01,5.6,10.24,,1876.0,1684.0,51.8856,85.4833,68.1,1.22,0.0,348000.0
1979-06-01,5.7,10.29,,1913.0,1640.0,51.8965,85.2867,65.8,1.47,0.0,360000.0
1979-07-01,5.7,10.47,,1760.0,1534.0,51.8097,84.9377,60.4,1.34,0.0,379250.0
1979-08-01,6.0,10.94,,1778.0,1591.0,51.4684,84.182,64.5,1.32,0.0,393750.0
1979-09-01,5.9,11.43,,1832.0,1638.0,51.4597,83.9792,66.7,1.21,0.0,385800.0
1979-10-01,6.0,13.77,,1681.0,1481.0,51.8334,84.4068,62.1,1.1,0.0,402250.0
1979-11-01,5.9,13.18,,1524.0,1276.0,51.7531,84.1017,63.3,1.34,0.0,413250.0
1979-12-01,6.0,13.78,,1498.0,1254.0,51.7878,83.991,61.0,1.67,0.0,428200.0
1980-01-01,6.3,13.82,,1341.0,1280.0,52.0679,84.2841,67.0,1.62,0.0,414250.0
1980-02-01,6.3,14.13,,1350.0,1199.0,52.082,84.1494,66.9,1.16,1.0,418000.0
1980-03-01,6.3,17.19,,1047.0,988.0,51.87,83.6537,56.5,1.7,1.0,433800.0
1980-04-01,6.9,17.61,,1051.0,808.0,50.8397,81.8445,52.7,2.72,1.0,529750.0
1980-05-01,7.5,10.98,,927.0,861.0,49.589,79.6867,51.7,2.99,1.0,615800.0
1980-06-01,7.6,9.47,,1196.0,1118.0,48.9482,78.5118,58.7,2.93,1.0,607000.0
1980-07-01,7.8,9.03,,1269.0,1259.0,48.6039,77.8129,62.3,2.4,1.0,559250.0
1980-08-01,7.7,9.61,,1436.0,1367.0,48.7563,77.9059,67.3,2.05,0.0,528200.0
1980-09-01,7.5,10.87,,1471.0,1484.0,49.5608,79.0322,73.7,2.19,0.0,482750.0
1980-10-01,7.5,12.81,,1523.0,1366.0,50.1908,79.8693,75.0,2.48,0.0,438000.0
1980-11-01,7.5,15.85,,1510.0,1383.0,51.0311,81.0289,76.7,1.96,0.0,412600.0
1980-12-01,7.2,18.9,,1482.0,1249.0,51.3708,81.3842,64.5,2.3,0.0,410000.0
1981-01-01,7.5,19.08,,1547.0,1221.0,51.0415,80.6748,71.4,2.46,0.0,413000.0
1981-02-01,7.4,15.93,,1246.0,1199.0,50.824,80.1373,66.9,2.18,0.0,428750.0
1981-03-01,7.4,14.7,,1306.0,1183.0,51.0826,80.3463,66.5,2.22,0.0,407500.0
1981-04-01,7.2,15.72,,1360.0,1190.0,50.858,79.7937,72.4,1.88,0.0,410250.0
1981-05-01,7.5,18.52,,1140.0,1173.0,51.1495,80.0484,76.3,1.85,0.0,416400.0
1981-06-01,7.5,19.1,,1045.0,976.0,51.4101,80.2511,73.1,2.33,0.0,433000.0
1981-07-01,7.2,19.04,,1041.0,935.0,51.7471,80.5724,74.1,1.89,0.0,430750.0
1981-08-01,7.4,17.82,,940.0,889.0,51.6826,80.271,77.2,1.4,1.0,450200.0
1981-09-01,7.6,15.87,,911.0,847.0,51.4337,79.688,73.1,1.6,1.0,473250.0
1981-10-01,7.9,15.08,,873.0,731.0,51.0281,78.8694,70.3,1.96,1.0,492800.0
1981-11-01,8.3,13.31,,837.0,748.0,50.435,77.7706,62.5,3.0,1.0,511750.0
1981-12-01,8.5,12.37,,910.0,796.0,49.8987,76.7706,64.3,2.83,1.0,551000.0
1982-01-01,8.6,13.22,1.67,843.0,794.0,48.8685,75.0243,71.0,2.51,1.0,535200.0
1982-02-01,8.9,14.78,0.15,866.0,808.0,49.8636,76.3932,66.5,2.75,1.0,533750.0
1982-03-01,9.0,14.68,0.55,931.0,891.0,49.5323,75.7372,62.0,2.96,1.0,556500.0
1982-04-01,9.3,14.94,0.53,917.0,888.0,49.075,74.9018,65.5,2.91,1.0,587000.0
1982-05-01,9.4,14.45,0.91,1025.0,953.0,48.7483,74.2775,67.5,3.02,1.0,583800.0
1982-06-01,9.6,14.15,1.22,902.0,913.0,48.6214,73.9684,65.7,2.62,1.0,599500.0
1982-07-01,9.8,12.59,2.09,1166.0,1044.0,48.4616,73.6215,65.4,2.85,1.0,576000.0
1982-08-01,9.8,10.12,4.06,1046.0,926.0,48.0192,72.8586,65.4,3.26,1.0,629500.0
1982-09-01,10.1,10.31,4.15,1144.0,1042.0,47.9008,72.5997,69.3,3.29,1.0,660750.0
1982-10-01,10.4,9.71,2.94,1173.0,1149.0,47.4371,71.8294,73.4,3.82,1.0,652400.0
1982-11-01,10.8,9.2,2.2,1372.0,1229.0,47.283,71.5396,72.1,3.75,1.0,594250.0
1982-12-01,10.8,8.95,2.34,1303.0,1351.0,46.9485,70.9871,71.9,3.6,0.0,523750.0
1983-01-01,10.4,8.68,2.34,1586.0,1426.0,47.8234,72.2714,70.4,3.48,0.0,501000.0
1983-02-01,10.4,8.51,2.33,1699.0,1471.0,47.5233,71.7863,74.6,3.23,0.0,488750.0
1983-03-01,10.3,8.77,1.85,1606.0,1475.0,47.9244,72.366,80.8,3.1,0.0,480250.0
1983-04-01,10.2,8.8,1.89,1472.0,1566.0,48.5311,73.2597,89.1,2.89,0.0,496000.0
1983-05-01,10.1,8.63,1.88,1776.0,1669.0,48.8239,73.6804,93.3,2.71,0.0,468000.0
1983-06-01,10.1,8.98,1.71,1733.0,1769.0,49.123,74.1097,92.2,2.52,0.0,444250.0
1983-07-01,9.4,9.37,1.93,1785.0,1795.0,49.8546,75.188,92.8,2.01,0.0,408000.0
1983-08-01,9.5,9.56,2.11,1910.0,1713.0,50.4443,76.0452,90.9,1.79,0.0,435750.0
1983-09-01,9.2,9.45,2.29,1710.0,1585.0,51.178,77.1102,89.9,1.9,0.0,408750.0
1983-10-01,8.8,9.48,2.55,1715.0,1716.0,51.5693,77.6485,89.3,1.92,0.0,402200.0
1983-11-01,8.5,9.34,2.58,1785.0,1668.0,51.7993,77.9317,91.1,1.92,0.0,392500.0
1983-12-01,8.3,9.47,2.47,1688.0,1627.0,52.0594,78.248,94.2,1.92,0.0,368800.0
1984-01-01,8.0,9.56,2.41,1897.0,1816.0,53.0985,79.7207,100.1,1.98,0.0,351000.0
1984-02-01,7.8,9.59,2.38,2260.0,1987.0,53.3318,79.9686,97.4,1.75,0.0,339250.0
1984-03-01,7.8,9.91,2.43,1663.0,1725.0,53.5929,80.2444,101.0,1.67,0.0,345800.0
1984-04-01,7.7,10.29,2.56,1851.0,1776.0,53.91,80.5902,96.1,1.68,0.0,369250.0
1984-05-01,7.4,10.32,3.19,1774.0,1741.0,54.2026,80.8857,98.1,1.33,0.0,360250.0
1984-06-01,7.2,11.06,3.3,1843.0,1814.0,54.4014,81.0276,95.5,1.49,0.0,361400.0
1984-07-01,7.5,11.23,2.83,1732.0,1605.0,54.5521,81.0869,96.6,1.79,0.0,360500.0
1984-08-01,7.5,11.64,1.82,1586.0,1530.0,54.6083,80.9969,99.1,1.91,0.0,389500.0
1984-09-01,7.3,11.3,1.72,1698.0,1523.0,54.4466,80.5761,100.9,1.83,0.0,395400.0
1984-10-01,7.4,9.99,2.04,1590.0,1490.0,54.4406,80.3793,96.3,1.78,0.0,419250.0
1984-11-01,7.2,9.43,2.65,1689.0,1643.0,54.624,80.4551,95.7,1.91,0.0,407000.0
1984-12-01,7.3,8.38,3.16,1612.0,1626.0,54.6416,80.2819,92.9,1.9,0.0,385600.0
1985-01-01,7.3,8.35,3.36,1711.0,1660.0,54.6322,80.0654,96.0,1.88,0.0,370750.0
1985-02-01,7.2,8.5,2.95,1632.0,1662.0,54.7825,80.0794,93.7,1.72,0.0,391750.0
1985-03-01,7.2,8.58,3.03,1800.0,1727.0,54.8653,79.9936,93.7,1.83,0.0,380800.0
1985-04-01,7.3,8.27,3.21,1821.0,1664.0,54.7459,79.6154,94.6,2.08,0.0,398250.0
1985-05-01,7.2,7.97,3.12,1680.0,1709.0,54.8255,79.53,91.8,2.3,0.0,392750.0
1985-06-01,7.4,7.53,2.98,1676.0,1716.0,54.7989,79.295,96.5,2.24,0.0,392400.0
1985-07-01,7.4,7.88,2.99,1684.0,1697.0,54.5396,78.7325,94.0,2.12,0.0,378250.0
1985-08-01,7.1,7.9,2.96,1743.0,1808.0,54.7055,78.7932,92.4,2.17,0.0,404400.0
1985-09-01,7.1,7.92,3.04,1676.0,1916.0,54.8906,78.8917,92.1,2.11,0.0,408500.0
1985-10-01,7.1,7.99,2.84,1834.0,1743.0,54.7199,78.4909,88.4,2.12,0.0,405750.0
1985-11-01,7.0,8.05,2.3,1698.0,1692.0,54.9124,78.624,90.9,2.21,0.0,393400.0
1985-12-01,7.0,8.27,1.93,1942.0,1794.0,55.4412,79.2506,93.9,2.32,0.0,385250.0
1986-01-01,6.7,8.14,1.89,1972.0,1847.0,55.7481,79.5708,95.6,2.25,0.0,366750.0
1986-02-01,7.2,7.86,1.41,1848.0,1767.0,55.3568,78.9079,95.9,2.41,0.0,369500.0
1986-03-01,7.2,7.48,1.02,1876.0,1780.0,54.9625,78.2531,95.1,2.72,0.0,381200.0
1986-04-01,7.1,6.99,1.06,1933.0,1858.0,55.0413,78.2809,96.2,2.89,0.0,385750.0
1986-05-01,7.2,6.85,1.38,1854.0,1797.0,55.1226,78.3175,94.8,2.58,0.0,386000.0
1986-06-01,7.2,6.92,1.4,1847.0,1790.0,54.9005,77.9257,99.3,2.54,0.0,370500.0
1986-07-01,7.0,6.56,1.3,1782.0,1780.0,55.2592,78.3589,97.7,2.86,0.0,362000.0
1986-08-01,6.9,6.17,1.48,1807.0,1726.0,55.1567,78.1348,94.9,3.01,0.0,407400.0
1986-09-01,7.0,5.89,2.1,1687.0,1686.0,55.2975,78.2497,91.9,2.75,0.0,395500.0
1986-10-01,7.0,5.85,2.11,1681.0,1675.0,55.5332,78.4896,95.6,2.81,0.0,383250.0
1986-11-01,6.9,6.04,1.75,1623.0,1644.0,55.7557,78.7,91.4,2.82,0.0,363200.0
1986-12-01,6.6,6.91,1.43,1833.0,1903.0,56.2845,79.3312,89.1,2.86,0.0,358250.0
1987-01-01,6.6,6.43,1.5,1774.0,1690.0,56.0882,78.9302,90.4,2.64,0.0,345600.0
1987-02-01,6.6,6.1,1.5,1784.0,1689.0,56.8275,79.832,90.2,2.4,0.0,348750.0
1987-03-01,6.6,6.13,1.48,1726.0,1704.0,56.9098,79.799,90.8,2.36,0.0,333250.0
1987-04-01,6.3,6.37,2.2,1614.0,1601.0,57.2701,80.1481,92.8,2.02,0.0,336250.0
1987-05-01,6.3,6.85,2.76,1628.0,1500.0,57.6322,80.4929,91.1,1.9,0.0,331000.0
1987-06-01,6.2,6.73,2.55,1594.0,1522.0,57.9307,80.7451,91.5,2.12,0.0,322250.0
1987-07-01,6.1,6.58,2.57,1575.0,1516.0,58.3258,81.1334,93.7,2.16,0.0,319250.0
1987-08-01,6.0,6.73,2.53,1605.0,1511.0,58.7636,81.5864,94.4,2.04,0.0,325600.0
1987-09-01,5.9,7.22,2.8,1695.0,1514.0,58.9951,81.762,93.6,1.89,0.0,309750.0
1987-10-01,6.0,7.29,3.17,1515.0,1447.0,59.781,82.7171,89.3,2.1,0.0,300000.0
1987-11-01,5.8,6.69,2.97,1656.0,1457.0,60.0726,83.0015,83.1,2.37,0.0,306750.0
1987-12-01,5.7,6.77,3.03,1400.0,1345.0,60.4095,83.3639,86.8,2.3,0.0,318750.0
1988-01-01,5.7,6.83,2.67,1271.0,1244.0,60.3976,83.2612,90.8,2.4,0.0,335600.0
1988-02-01,5.7,6.58,2.37,1473.0,1438.0,60.7003,83.6092,91.6,2.41,0.0,318750.0
1988-03-01,5.7,6.58,2.5,1532.0,1525.0,60.8501,83.7608,94.6,2.2,0.0,305500.0
1988-04-01,5.4,6.87,2.64,1573.0,1429.0,61.2031,84.2045,91.2,2.18,0.0,312200.0
1988-05-01,5.6,7.09,2.64,1421.0,1444.0,61.0797,84.0006,94.8,1.95,0.0,313750.0
1988-06-01,5.4,7.51,2.26,1478.0,1485.0,61.2569,84.2142,94.7,2.08,0.0,308250.0
1988-07-01,5.4,7.75,2.11,1467.0,1439.0,61.2659,84.1973,93.4,2.05,0.0,321600.0
1988-08-01,5.6,8.01,1.96,1493.0,1460.0,61.5731,84.5859,97.4,1.95,0.0,314750.0
1988-09-01,5.4,8.19,1.5,1492.0,1436.0,61.3807,84.2804,97.3,1.92,0.0,304500.0
1988-10-01,5.4,8.3,1.2,1522.0,1516.0,61.6453,84.5914,94.1,1.61,0.0,291400.0
1988-11-01,5.3,8.35,0.93,1569.0,1508.0,61.7944,84.7301,93.0,1.52,0.0,290500.0
1988-12-01,5.3,8.76,0.76,1563.0,1501.0,62.0743,85.0338,91.9,1.54,0.0,293200.0
1989-01-01,5.4,9.12,0.53,1621.0,1466.0,62.2574,85.1891,97.9,1.56,0.0,289750.0
1989-02-01,5.2,9.36,0.33,1425.0,1383.0,61.9819,84.7014,95.4,1.44,0.0,303750.0
1989-03-01,5.0,9.85,0.22,1422.0,1214.0,62.1369,84.786,94.3,1.31,0.0,322000.0
1989-04-01,5.2,9.84,0.22,1339.0,1376.0,62.1276,84.6312,91.5,1.43,0.0,311800.0
1989-05-01,5.2,9.81,0.12,1331.0,1381.0,61.7744,83.9944,90.7,1.6,0.0,324500.0
1989-06-01,5.3,9.53,-0.15,1397.0,1322.0,61.7697,83.819,90.6,1.75,0.0,333000.0
1989-07-01,5.2,9.24,-0.13,1427.0,1283.0,61.1738,82.8332,92.0,1.85,0.0,341600.0
1989-08-01,5.2,8.99,-0.06,1332.0,1334.0,61.7732,83.4581,89.6,1.77,0.0,334500.0
1989-09-01,5.3,9.02,0.18,1279.0,1314.0,61.5796,83.0045,95.8,1.72,0.0,336000.0
1989-10-01,5.3,8.84,0.11,1410.0,1365.0,61.4966,82.6969,93.9,1.8,0.0,363250.0
1989-11-01,5.4,8.55,-0.07,1351.0,1344.0,61.7044,82.7778,90.9,1.94,0.0,336750.0
1989-12-01,5.4,8.45,-0.04,1251.0,1422.0,62.0428,83.0331,90.5,1.98,0.0,355200.0
1990-01-01,5.4,8.23,0.31,1551.0,1748.0,61.729,82.4179,93.0,1.73,0.0,361000.0
1990-02-01,5.3,8.24,0.47,1437.0,1329.0,62.2896,82.9732,89.5,1.67,0.0,358250.0
1990-03-01,5.2,8.28,0.42,1289.0,1246.0,62.5999,83.1981,91.3,1.62,0.0,345200.0
1990-04-01,5.4,8.26,0.75,1248.0,1136.0,62.4359,82.8001,93.9,1.51,0.0,361750.0
1990-05-01,5.4,8.18,0.75,1212.0,1067.0,62.6258,82.8798,90.6,1.65,0.0,355250.0
1990-06-01,5.2,8.29,0.49,1177.0,1108.0,62.8382,82.9978,88.3,1.74,0.0,362400.0
1990-07-01,5.5,8.15,0.6,1171.0,1078.0,62.7284,82.7018,88.2,1.73,0.0,367000.0
1990-08-01,5.7,8.13,1.06,1115.0,1069.0,62.9475,82.8509,76.4,1.66,1.0,384250.0
1990-09-01,5.9,8.2,1.29,1110.0,976.0,62.9523,82.7293,72.8,1.75,1.0,394000.0
1990-10-01,5.9,8.11,1.32,1014.0,925.0,62.5845,82.1303,63.9,2.02,1.0,425250.0
1990-11-01,6.2,7.81,1.1,1145.0,941.0,61.7887,80.9828,66.0,2.23,1.0,446750.0
1990-12-01,6.3,7.31,1.13,969.0,861.0,61.3352,80.2964,65.5,2.35,1.0,455000.0
1991-01-01,6.4,6.91,1.68,798.0,786.0,61.1355,79.9522,66.8,2.36,1.0,439750.0
1991-02-01,6.6,6.25,1.73,965.0,853.0,60.6838,79.2872,70.4,2.22,1.0,484000.0
1991-03-01,6.8,6.12,2.02,921.0,911.0,60.3346,78.7629,87.7,1.98,1.0,498600.0
1991-04-01,6.7,5.91,2.21,1001.0,916.0,60.4938,78.9062,81.8,1.9,0.0,467250.0
1991-05-01,6.9,5.78,2.44,996.0,991.0,61.0633,79.5846,78.3,1.79,0.0,447000.0
1991-06-01,6.9,5.9,2.53,1036.0,964.0,61.5581,80.1624,82.1,1.68,0.0,428600.0
1991-07-01,6.8,5.82,2.52,1063.0,973.0,61.7305,80.3158,82.9,1.62,0.0,418250.0
1991-08-01,6.9,5.66,2.4,1049.0,944.0,61.7298,80.2365,82.0,1.75,0.0,431600.0
1991-09-01,6.9,5.45,2.28,1015.0,974.0,62.2195,80.7851,83.0,1.86,0.0,424500.0
1991-10-01,7.0,5.21,2.39,1079.0,991.0,62.1855,80.6424,78.3,1.96,0.0,422750.0
1991-11-01,7.0,4.81,2.73,1103.0,984.0,62.0871,80.4053,69.1,2.03,0.0,445400.0
1991-12-01,7.3,4.43,2.91,1079.0,1061.0,61.7852,79.8949,68.2,2.17,0.0,456750.0
1992-01-01,7.3,4.03,3.12,1176.0,1077.0,61.4616,79.3278,67.5,2.1,0.0,439000.0
1992-02-01,7.4,4.06,3.39,1250.0,1146.0,61.8955,79.7329,68.8,1.89,0.0,442200.0
1992-03-01,7.4,3.98,3.4,1297.0,1082.0,62.4232,80.2464,76.0,1.71,0.0,429500.0
1992-04-01,7.4,3.73,3.64,1099.0,1054.0,62.897,80.6802,77.2,1.73,0.0,418250.0
1992-05-01,7.6,3.82,3.67,1214.0,1056.0,63.104,80.764,79.2,1.74,0.0,417400.0
1992-06-01,7.8,3.76,3.51,1145.0,1057.0,63.1363,80.6204,80.4,1.79,0.0,418750.0
1992-07-01,7.7,3.25,3.56,1139.0,1089.0,63.7176,81.1771,76.6,2.0,0.0,442750.0
1992-08-01,7.6,3.3,3.39,1226.0,1075.0,63.3613,80.5433,76.1,2.06,0.0,407200.0
1992-09-01,7.6,3.22,3.45,1186.0,1114.0,63.5703,80.6355,75.6,2.2,0.0,417000.0
1992-10-01,7.3,3.1,3.66,1244.0,1132.0,63.9995,81.0138,73.3,2.25,0.0,377800.0
1992-11-01,7.4,3.09,3.66,1214.0,1118.0,64.2422,81.1636,85.3,2.09,0.0,362250.0
1992-12-01,7.4,2.92,3.48,1227.0,1176.0,64.3507,81.1549,91.0,2.04,0.0,339000.0
1993-01-01,7.3,3.02,3.53,1210.0,1177.0,64.5978,81.3264,89.3,2.07,0.0,345600.0
1993-02-01,7.1,3.03,3.27,1210.0,1148.0,64.9089,81.5884,86.6,2.13,0.0,338250.0
1993-03-01,7.0,3.07,2.97,1083.0,1056.0,64.8522,81.3955,85.9,2.17,0.0,351000.0
1993-04-01,7.1,2.96,3.04,1258.0,1104.0,65.0301,81.5045,85.6,2.17,0.0,354750.0
1993-05-01,7.1,3.0,3.01,1260.0,1112.0,64.784,81.0851,80.3,2.17,0.0,343600.0
1993-06-01,7.0,3.04,2.82,1280.0,1130.0,64.9301,81.1568,81.5,2.11,0.0,342750.0
1993-07-01,6.9,3.06,2.7,1254.0,1174.0,65.1052,81.262,77.0,2.12,0.0,350800.0
1993-08-01,6.8,3.03,2.59,1300.0,1230.0,65.0267,81.0442,77.3,1.92,0.0,341000.0
1993-09-01,6.7,3.09,2.35,1343.0,1251.0,65.3717,81.3448,77.9,1.98,0.0,339000.0
1993-10-01,6.8,2.99,2.24,1392.0,1287.0,65.8509,81.7992,82.7,1.98,0.0,349800.0
1993-11-01,6.6,3.02,2.54,1376.0,1357.0,66.1518,82.0178,81.2,1.94,0.0,341000.0
1993-12-01,6.5,2.96,2.64,1533.0,1461.0,66.5436,82.3349,88.2,1.92,0.0,323000.0
1994-01-01,6.6,3.05,2.71,1272.0,1390.0,66.7351,82.3903,94.3,1.9,0.0,359200.0
1994-02-01,6.6,3.25,2.64,1337.0,1269.0,66.774,82.2437,93.2,1.79,0.0,348500.0
1994-03-01,6.5,3.34,2.89,1564.0,1342.0,67.4552,82.871,91.5,1.65,0.0,335750.0
1994-04-01,6.4,3.56,3.19,1465.0,1392.0,67.8541,83.1358,92.6,1.55,0.0,344000.0
1994-05-01,6.1,4.01,2.91,1526.0,1396.0,68.1663,83.2793,92.8,1.44,0.0,359000.0
1994-06-01,6.1,4.25,2.85,1409.0,1357.0,68.6265,83.5893,91.2,1.55,0.0,340000.0
1994-07-01,6.1,4.26,2.84,1439.0,1335.0,68.7178,83.4406,89.0,1.5,0.0,342200.0
1994-08-01,6.0,4.47,2.63,1450.0,1377.0,69.1785,83.7334,91.7,1.5,0.0,336250.0
1994-09-01,5.9,4.73,2.71,1474.0,1412.0,69.3961,83.7254,91.5,1.52,0.0,330250.0
1994-10-01,5.8,4.76,2.64,1450.0,1397.0,69.9544,84.1216,92.7,1.46,0.0,333400.0
1994-11-01,5.6,5.29,2.51,1511.0,1340.0,70.4326,84.414,91.6,1.36,0.0,328000.0
1994-12-01,5.5,5.45,2.05,1455.0,1396.0,71.1523,84.9892,95.1,1.29,0.0,323200.0
1995-01-01,5.6,5.53,1.88,1407.0,1282.0,71.2734,84.8472,97.6,1.3,0.0,333500.0
1995-02-01,5.4,5.92,1.53,1316.0,1254.0,71.193,84.4634,95.1,1.38,0.0,337750.0
1995-03-01,5.4,5.98,1.29,1249.0,1226.0,71.3113,84.3123,90.3,1.5,0.0,340250.0
1995-04-01,5.8,6.05,1.22,1267.0,1259.0,71.1882,83.8748,92.5,1.54,0.0,350200.0
1995-05-01,5.6,6.01,0.78,1314.0,1271.0,71.5378,83.9876,89.8,1.57,0.0,370250.0
1995-06-01,5.6,6.0,0.53,1281.0,1305.0,71.7749,83.9584,92.7,1.73,0.0,366250.0
1995-07-01,5.7,5.85,0.69,1461.0,1354.0,71.4748,83.2944,94.4,1.76,0.0,371400.0
1995-08-01,5.7,5.74,0.92,1416.0,1386.0,72.4223,84.0724,96.2,1.7,0.0,356250.0
1995-09-01,5.6,5.8,0.77,1369.0,1421.0,72.7144,84.0747,88.9,1.73,0.0,362000.0
1995-10-01,5.5,5.76,0.6,1369.0,1400.0,72.5866,83.58,90.2,1.71,0.0,371500.0
1995-11-01,5.6,5.8,0.41,1452.0,1430.0,72.7779,83.4429,88.2,1.75,0.0,377000.0
1995-12-01,5.6,5.6,0.42,1431.0,1442.0,73.0305,83.3654,91.0,1.78,0.0,365000.0
1996-01-01,5.6,5.56,0.5,1467.0,1387.0,72.6125,82.5158,89.3,1.82,0.0,374000.0
1996-02-01,5.5,5.22,0.85,1491.0,1420.0,73.6752,83.3451,88.5,1.82,0.0,377250.0
1996-03-01,5.5,5.31,1.17,1424.0,1437.0,73.585,82.8594,93.7,1.76,0.0,386400.0
1996-04-01,5.6,5.22,1.42,1516.0,1463.0,74.3172,83.2941,92.7,1.68,0.0,359250.0
1996-05-01,5.6,5.24,1.59,1504.0,1457.0,74.8726,83.5236,89.4,1.56,0.0,344500.0
1996-06-01,5.3,5.27,1.68,1467.0,1429.0,75.4433,83.7665,92.4,1.49,0.0,342200.0
1996-07-01,5.5,5.4,1.57,1472.0,1450.0,75.4549,83.3918,94.7,1.48,0.0,337000.0
1996-08-01,5.1,5.22,1.45,1557.0,1413.0,75.8411,83.4315,95.3,1.54,0.0,331800.0
1996-09-01,5.2,5.3,1.59,1475.0,1392.0,76.3158,83.564,94.7,1.52,0.0,342750.0
1996-10-01,5.2,5.24,1.41,1392.0,1358.0,76.3384,83.1973,96.5,1.54,0.0,339000.0
1996-11-01,5.4,5.31,1.03,1489.0,1412.0,77.0397,83.5622,99.2,1.59,0.0,336400.0
1996-12-01,5.4,5.29,1.26,1370.0,1411.0,77.5333,83.6933,96.9,1.59,0.0,353500.0
1997-01-01,5.3,5.25,1.41,1355.0,1382.0,77.6562,83.4262,97.4,1.51,0.0,339000.0
1997-02-01,5.2,5.19,1.28,1486.0,1445.0,78.5833,84.0084,99.7,1.52,0.0,320750.0
1997-03-01,5.2,5.39,1.41,1457.0,1436.0,79.082,84.12,100.0,1.49,0.0,319400.0
1997-04-01,5.1,5.51,1.59,1492.0,1421.0,79.1747,83.7916,101.4,1.45,0.0,327000.0
1997-05-01,4.9,5.5,1.51,1442.0,1414.0,79.6133,83.8144,103.2,1.49,0.0,323800.0
1997-06-01,5.0,5.56,1.42,1494.0,1402.0,79.9792,83.7402,104.5,1.53,0.0,325500.0
1997-07-01,4.9,5.52,1.03,1437.0,1440.0,80.6624,83.978,107.1,1.53,0.0,320250.0
1997-08-01,4.8,5.54,1.02,1390.0,1449.0,81.4694,84.3178,104.4,1.52,0.0,330200.0
1997-09-01,4.9,5.54,1.13,1546.0,1494.0,82.2156,84.5693,106.0,1.49,0.0,315250.0
1997-10-01,4.7,5.5,0.92,1520.0,1499.0,82.9446,84.7793,105.6,1.54,0.0,310000.0
1997-11-01,4.6,5.52,0.6,1510.0,1469.0,83.5978,84.8918,107.2,1.54,0.0,314600.0
1997-12-01,4.7,5.5,0.51,1566.0,1456.0,83.9538,84.692,102.1,1.51,0.0,313250.0
1998-01-01,4.6,5.56,0.36,1525.0,1555.0,84.3218,84.4984,106.6,1.65,0.0,321200.0
1998-02-01,4.6,5.51,0.34,1584.0,1647.0,84.4583,84.074,110.4,1.68,0.0,319000.0
1998-03-01,4.7,5.49,0.49,1567.0,1605.0,84.488,83.5488,106.5,1.67,0.0,315000.0
1998-04-01,4.3,5.45,0.56,1540.0,1547.0,84.7779,83.2923,108.7,1.69,0.0,311000.0
1998-05-01,4.4,5.49,0.51,1536.0,1554.0,85.3367,83.3136,106.5,1.65,0.0,311200.0
1998-06-01,4.5,5.56,0.38,1641.0,1551.0,84.8248,82.3151,105.6,1.63,0.0,338000.0
1998-07-01,4.5,5.54,0.37,1698.0,1610.0,84.4986,81.5396,105.2,1.69,0.0,333000.0
1998-08-01,4.5,5.55,0.3,1614.0,1654.0,86.248,82.7869,104.4,1.8,0.0,312600.0
1998-09-01,4.6,5.51,0.07,1582.0,1577.0,86.2021,82.3253,100.9,2.28,0.0,304000.0
1998-10-01,4.5,5.07,0.46,1715.0,1719.0,86.7914,82.4879,97.4,2.65,0.0,310600.0
1998-11-01,4.4,4.83,0.3,1660.0,1672.0,86.7256,82.0403,102.7,2.51,0.0,316000.0
1998-12-01,4.4,4.68,0.15,1792.0,1742.0,87.1185,82.0415,100.5,2.58,0.0,316000.0
1999-01-01,4.3,4.63,0.27,1748.0,1732.0,87.4949,82.0391,103.9,2.57,0.0,326200.0
1999-02-01,4.4,4.76,0.44,1670.0,1720.0,88.027,82.1916,108.1,2.39,0.0,301500.0
1999-03-01,4.2,4.81,0.66,1710.0,1665.0,88.2267,82.0452,105.7,2.3,0.0,302750.0
1999-04-01,4.3,4.74,0.77,1553.0,1600.0,88.4295,81.9153,104.6,2.3,0.0,308500.0
1999-05-01,4.2,4.74,0.91,1611.0,1640.0,88.9886,82.124,106.8,2.18,0.0,301600.0
1999-06-01,4.3,4.76,1.18,1559.0,1702.0,88.9188,81.7593,107.3,2.12,0.0,294000.0
1999-07-01,4.3,4.99,1.1,1669.0,1682.0,89.4333,81.9405,106.0,2.16,0.0,298000.0
1999-08-01,4.2,5.07,1.07,1648.0,1671.0,89.7924,81.9786,104.5,2.21,0.0,290750.0
1999-09-01,4.2,5.22,1.1,1635.0,1551.0,89.4299,81.3642,107.2,2.28,0.0,289500.0
1999-10-01,4.1,5.2,1.09,1608.0,1649.0,90.523,82.0771,103.2,2.27,0.0,290400.0
1999-11-01,4.1,5.42,0.8,1648.0,1672.0,90.9618,82.198,107.2,2.12,0.0,281750.0
1999-12-01,4.0,5.3,0.92,1708.0,1683.0,91.6634,82.5592,105.4,1.91,0.0,278500.0
2000-01-01,4.0,5.45,1.16,1636.0,1727.0,91.538,82.179,112.0,1.67,0.0,288400.0
2000-02-01,4.1,5.73,0.79,1737.0,1692.0,91.8239,82.1719,111.3,1.77,0.0,293750.0
2000-03-01,4.0,5.85,0.4,1604.0,1651.0,92.1504,82.2023,107.1,2.11,0.0,274750.0
2000-04-01,3.8,6.02,0.17,1626.0,1597.0,92.6989,82.4316,109.2,2.41,0.0,271600.0
2000-05-01,4.0,6.27,0.45,1575.0,1543.0,92.9499,82.3967,110.7,2.46,0.0,282250.0
2000-06-01,4.0,6.53,0.24,1559.0,1572.0,92.9862,82.1729,106.4,2.38,0.0,291000.0
2000-07-01,4.0,6.54,-0.09,1463.0,1542.0,92.8048,81.7603,108.3,2.3,0.0,295000.0
2000-08-01,4.1,6.5,-0.45,1541.0,1552.0,92.5521,81.2857,107.3,2.43,0.0,312750.0
2000-09-01,3.9,6.52,-0.38,1507.0,1570.0,92.9792,81.4061,106.8,2.55,0.0,300200.0
2000-10-01,3.9,6.51,-0.55,1549.0,1577.0,92.6179,80.8334,105.8,2.6,0.0,301000.0
2000-11-01,3.9,6.51,-0.64,1551.0,1614.0,92.6438,80.5963,107.6,2.56,0.0,334250.0
2000-12-01,3.9,6.4,-0.7,1532.0,1543.0,92.3415,80.0735,98.4,2.78,0.0,346000.0
2001-01-01,4.2,5.98,-0.13,1600.0,1699.0,91.902,79.4332,94.7,2.77,0.0,340000.0
2001-02-01,4.2,5.49,0.09,1625.0,1656.0,91.3034,78.6604,90.6,2.77,0.0,371250.0
2001-03-01,4.3,5.31,0.35,1590.0,1659.0,91.1162,78.2472,91.5,2.95,0.0,387200.0
2001-04-01,4.4,4.8,1.17,1649.0,1666.0,90.7891,77.7206,88.4,2.93,1.0,396750.0
2001-05-01,4.3,4.21,1.69,1605.0,1665.0,90.3555,77.1128,92.0,2.68,1.0,394500.0
2001-06-01,4.5,3.97,1.71,1636.0,1626.0,89.8784,76.4807,92.6,2.69,1.0,397200.0
2001-07-01,4.6,3.77,1.65,1670.0,1598.0,89.3028,75.7806,92.4,2.73,1.0,398000.0
2001-08-01,4.9,3.65,1.53,1567.0,1615.0,89.2003,75.4938,91.5,2.88,1.0,398000.0
2001-09-01,5.0,3.07,2.04,1562.0,1565.0,88.7485,74.9237,81.8,3.3,1.0,435000.0
2001-10-01,5.3,2.49,2.37,1540.0,1566.0,88.5052,74.5431,82.7,3.34,1.0,480750.0
2001-11-01,5.5,2.09,2.74,1602.0,1651.0,87.97,73.9318,83.9,3.16,1.0,447500.0
2001-12-01,5.7,1.82,3.37,1568.0,1680.0,87.9324,73.7552,88.8,2.96,0.0,416800.0
2002-01-01,5.7,1.73,3.36,1698.0,1665.0,88.5176,74.1161,93.0,2.83,0.0,408500.0
2002-02-01,5.7,1.74,3.15,1829.0,1787.0,88.5278,74.0132,90.7,2.98,0.0,399000.0
2002-03-01,5.7,1.73,3.45,1642.0,1691.0,89.1686,74.4558,95.7,2.83,0.0,415400.0
2002-04-01,5.9,1.75,3.46,1592.0,1669.0,89.604,74.7452,93.0,2.82,0.0,429250.0
2002-05-01,5.8,1.75,3.4,1764.0,1716.0,89.964,74.9894,96.9,2.93,0.0,409000.0
2002-06-01,5.8,1.75,3.2,1717.0,1758.0,90.7061,75.569,92.4,3.02,0.0,387200.0
2002-07-01,5.8,1.73,2.94,1655.0,1738.0,90.6769,75.5228,88.1,3.25,0.0,386000.0
2002-08-01,5.7,1.74,2.61,1633.0,1695.0,90.5762,75.4317,87.6,3.32,0.0,393600.0
2002-09-01,5.7,1.75,2.21,1804.0,1803.0,90.6531,75.4995,86.1,3.53,0.0,409500.0
2002-10-01,5.7,1.75,2.33,1648.0,1799.0,90.4643,75.3553,80.6,3.79,0.0,407500.0
2002-11-01,5.9,1.34,2.8,1753.0,1771.0,90.9711,75.8001,84.2,3.57,0.0,392200.0
2002-12-01,6.0,1.24,2.82,1788.0,1896.0,90.4652,75.4073,86.7,3.42,0.0,414250.0
2003-01-01,5.8,1.24,2.86,1853.0,1808.0,91.2361,76.0829,82.4,3.3,0.0,395000.0
2003-02-01,5.9,1.26,2.71,1629.0,1854.0,91.3445,76.2008,79.9,3.16,0.0,411000.0
2003-03-01,5.9,1.25,2.66,1726.0,1757.0,91.1044,76.0272,77.6,3.14,0.0,427400.0
2003-04-01,6.0,1.26,2.81,1643.0,1803.0,90.5617,75.6028,86.0,2.89,0.0,436250.0
2003-05-01,6.1,1.26,2.48,1751.0,1835.0,90.537,75.6099,92.1,2.81,0.0,424000.0
2003-06-01,6.3,1.22,2.39,1867.0,1875.0,90.6527,75.7311,89.7,2.86,0.0,421750.0
2003-07-01,6.2,1.01,3.06,1897.0,1885.0,91.1185,76.1369,90.9,2.64,0.0,411500.0
2003-08-01,6.1,1.03,3.48,1833.0,1966.0,90.9197,75.9832,89.3,2.56,0.0,400200.0
2003-09-01,6.1,1.01,3.31,1939.0,1961.0,91.5059,76.483,87.7,2.52,0.0,395500.0
2003-10-01,6.0,1.01,3.35,1967.0,2012.0,91.6186,76.5884,89.6,2.44,0.0,382000.0
2003-11-01,5.8,1.0,3.35,2083.0,1918.0,92.2329,77.1135,93.7,2.36,0.0,363000.0
2003-12-01,5.7,0.98,3.36,2057.0,1987.0,92.2602,77.1489,92.6,2.33,0.0,358250.0
2004-01-01,5.7,1.0,3.25,1911.0,1952.0,92.4006,77.2806,103.8,2.29,0.0,360200.0
2004-02-01,5.6,1.01,3.14,1846.0,1966.0,92.958,77.7639,94.4,2.19,0.0,360750.0
2004-03-01,5.8,1.0,2.88,1998.0,2066.0,92.5861,77.4721,95.8,2.28,0.0,342000.0
2004-04-01,5.6,1.0,3.39,2003.0,2070.0,92.93,77.7807,94.2,2.11,0.0,348250.0
2004-05-01,5.6,1.0,3.68,1981.0,2150.0,93.6013,78.3623,90.2,2.03,0.0,336200.0
2004-06-01,5.6,1.03,3.44,1828.0,2020.0,92.871,77.7669,95.6,2.05,0.0,349000.0
2004-07-01,5.5,1.26,3.14,2002.0,2112.0,93.5649,78.3594,96.7,2.12,0.0,343000.0
2004-08-01,5.4,1.43,2.78,2024.0,2056.0,93.6277,78.4167,95.9,2.18,0.0,340750.0
2004-09-01,5.4,1.61,2.45,1905.0,2041.0,93.7467,78.5109,94.2,2.14,0.0,337250.0
2004-10-01,5.5,1.76,2.31,2072.0,2097.0,94.5465,79.1635,91.7,2.11,0.0,334000.0
2004-11-01,5.4,1.93,2.08,1782.0,2079.0,94.7813,79.3296,92.8,2.01,0.0,328750.0
2004-12-01,5.4,2.16,2.01,2042.0,2082.0,95.5365,79.9179,97.1,1.92,0.0,325250.0
2005-01-01,5.3,2.28,1.85,2144.0,2139.0,95.8801,80.1494,95.5,1.8,0.0,343400.0
2005-02-01,5.4,2.5,1.59,2207.0,2114.0,96.5761,80.6584,94.1,1.65,0.0,311750.0
2005-03-01,5.2,2.63,1.7,1864.0,2062.0,96.4456,80.4638,92.6,1.56,0.0,332000.0
2005-04-01,5.2,2.79,1.5,2061.0,2150.0,96.6532,80.5421,87.7,1.71,0.0,323200.0
2005-05-01,5.1,3.0,1.24,2025.0,2085.0,96.7402,80.5094,86.9,1.87,0.0,327000.0
2005-06-01,5.0,3.04,0.96,2068.0,2178.0,97.1753,80.7567,96.0,1.86,0.0,325750.0
2005-07-01,5.0,3.26,0.89,2054.0,2203.0,96.8676,80.3802,96.5,1.77,0.0,324400.0
2005-08-01,4.9,3.5,0.74,2095.0,2219.0,97.1833,80.5172,89.1,1.7,0.0,315750.0
2005-09-01,5.0,3.62,0.71,2151.0,2263.0,95.3005,78.8319,76.9,1.83,0.0,382750.0
2005-10-01,5.0,3.78,0.67,2065.0,2170.0,96.4572,79.6607,74.2,1.84,0.0,352200.0
2005-11-01,5.0,4.0,0.57,2147.0,2218.0,97.5414,80.426,81.6,1.85,0.0,317250.0
2005-12-01,4.9,4.16,0.5,1994.0,2120.0,98.0452,80.7109,91.5,1.85,0.0,316400.0
2006-01-01,4.7,4.29,0.08,2273.0,2212.0,98.1999,80.7078,91.2,1.82,0.0,295750.0
2006-02-01,4.8,4.49,0.03,2119.0,2141.0,98.2413,80.6111,86.7,1.7,0.0,290750.0
2006-03-01,4.7,4.59,0.09,1969.0,2118.0,98.4628,80.6609,88.9,1.69,0.0,301750.0
2006-04-01,4.7,4.79,0.27,1821.0,1998.0,98.7618,80.7713,87.4,1.69,0.0,303600.0
2006-05-01,4.6,4.94,0.27,1942.0,1905.0,98.7869,80.6521,79.1,1.64,0.0,332750.0
2006-06-01,4.6,4.99,0.19,1802.0,1867.0,99.0997,80.7601,84.9,1.67,0.0,305500.0
2006-07-01,4.7,5.24,0.01,1737.0,1763.0,99.0489,80.5643,84.7,1.67,0.0,318800.0
2006-08-01,4.7,5.25,-0.21,1650.0,1722.0,99.4836,80.754,82.0,1.71,0.0,314250.0
2006-09-01,4.5,5.25,-0.21,1720.0,1655.0,99.3183,80.4492,85.4,1.71,0.0,316200.0
2006-10-01,4.4,5.25,-0.32,1491.0,1570.0,99.2044,80.1804,93.6,1.69,0.0,315500.0
2006-11-01,4.5,5.25,-0.47,1570.0,1535.0,99.1627,79.9663,92.1,1.6,0.0,326250.0
2006-12-01,4.4,5.24,-0.41,1649.0,1638.0,100.1735,80.5985,91.7,1.66,0.0,324000.0
2007-01-01,4.6,5.25,-0.35,1409.0,1626.0,99.8346,80.1452,96.9,1.58,0.0,317250.0
2007-02-01,4.5,5.26,-0.44,1480.0,1598.0,100.7753,80.7218,91.3,1.56,0.0,322750.0
2007-03-01,4.4,5.26,-0.52,1495.0,1596.0,100.9547,80.6932,88.4,1.71,0.0,309400.0
2007-04-01,4.5,5.25,-0.32,1490.0,1470.0,101.6334,81.0737,87.1,1.7,0.0,320250.0
2007-05-01,4.4,5.25,-0.12,1415.0,1493.0,101.7306,81.0044,88.3,1.64,0.0,304250.0
2007-06-01,4.6,5.25,0.36,1448.0,1407.0,101.7893,80.9238,85.3,1.6,0.0,315200.0
2007-07-01,4.7,5.26,0.04,1354.0,1361.0,101.6672,80.7255,90.4,1.65,0.0,313250.0
2007-08-01,4.6,5.02,0.35,1330.0,1321.0,101.863,80.8082,83.4,1.98,0.0,320000.0
2007-09-01,4.7,4.94,0.53,1183.0,1261.0,102.0894,80.9387,83.4,2.07,0.0,313400.0
2007-10-01,4.7,4.76,0.53,1264.0,1192.0,101.8015,80.6837,80.9,1.95,0.0,328250.0
2007-11-01,4.7,4.49,0.8,1197.0,1224.0,102.3446,81.1065,76.1,2.25,0.0,336000.0
2007-12-01,5.0,4.24,1.03,1037.0,1149.0,102.3803,81.1425,75.5,2.55,0.0,348200.0
2008-01-01,5.0,3.94,0.92,1084.0,1094.0,102.2448,81.0549,78.4,2.8,1.0,338750.0
2008-02-01,4.9,2.98,1.57,1103.0,1014.0,101.8438,80.7602,70.8,3.08,1.0,346750.0
2008-03-01,5.1,2.61,2.23,1005.0,967.0,101.5336,80.5381,69.5,3.38,1.0,363400.0
2008-04-01,5.0,2.28,2.37,1013.0,1008.0,100.8785,80.0376,62.6,3.29,1.0,359500.0
2008-05-01,5.4,1.98,2.12,973.0,995.0,100.2674,79.5579,59.8,3.05,1.0,366800.0
2008-06-01,5.6,2.0,2.21,1046.0,1180.0,100.0335,79.3571,56.4,2.97,1.0,383250.0
2008-07-01,5.8,2.01,2.35,923.0,921.0,99.676,79.0325,61.2,3.15,1.0,398000.0
2008-08-01,6.1,2.0,2.14,844.0,858.0,98.1111,77.7251,63.0,3.26,1.0,433000.0
2008-09-01,6.1,1.81,2.54,820.0,797.0,93.7895,74.2216,70.3,3.62,1.0,464000.0
2008-10-01,6.5,0.97,3.12,777.0,736.0,94.7219,74.8669,57.6,5.07,1.0,475250.0
2008-11-01,6.8,0.39,3.34,652.0,626.0,93.4715,73.782,55.3,5.68,1.0,519800.0
2008-12-01,7.3,0.16,2.39,560.0,554.0,90.8357,71.607,60.1,6.01,1.0,564000.0
2009-01-01,7.8,0.15,2.39,490.0,545.0,88.57,69.7304,61.2,5.62,1.0,572000.0
2009-02-01,8.3,0.22,2.57,582.0,558.0,88.031,69.2326,56.3,5.21,1.0,644000.0
2009-03-01,8.7,0.18,2.6,505.0,513.0,86.6528,68.0889,57.3,5.6,1.0,659250.0
2009-04-01,9.0,0.15,2.77,478.0,521.0,85.9344,67.4762,65.1,5.46,1.0,627750.0
2009-05-01,9.4,0.18,3.11,540.0,556.0,85.0665,66.7676,68.7,4.77,1.0,612000.0
2009-06-01,9.5,0.21,3.54,585.0,601.0,84.7459,66.5138,70.8,3.78,1.0,598250.0
2009-07-01,9.5,0.16,3.38,594.0,595.0,85.7027,67.29,66.0,3.53,0.0,566500.0
2009-08-01,9.6,0.16,3.42,586.0,616.0,86.6426,68.0795,65.7,2.99,0.0,559200.0
2009-09-01,9.8,0.15,3.28,585.0,609.0,87.4063,68.7549,73.5,2.91,0.0,547500.0
2009-10-01,10.0,0.12,3.32,534.0,583.0,87.6419,69.0357,70.6,2.9,0.0,525400.0
2009-11-01,9.9,0.12,3.35,588.0,623.0,88.0221,69.447,67.4,2.92,0.0,494000.0
2009-12-01,9.9,0.12,3.54,581.0,664.0,88.3793,69.8541,72.5,2.78,0.0,485500.0
2010-01-01,9.8,0.11,3.67,614.0,636.0,89.3426,70.7532,74.4,2.52,0.0,479800.0
2010-02-01,9.8,0.13,3.58,604.0,650.0,89.6779,71.1612,73.6,2.65,0.0,485750.0
2010-03-01,9.9,0.16,3.58,636.0,687.0,90.2928,71.7964,73.6,2.54,0.0,470250.0
2010-04-01,9.9,0.2,3.69,687.0,637.0,90.5991,72.1905,72.2,2.4,0.0,469000.0
2010-05-01,9.6,0.2,3.26,583.0,575.0,91.823,73.3146,73.6,2.63,0.0,459400.0
2010-06-01,9.4,0.18,3.08,536.0,587.0,91.9928,73.5918,76.0,3.03,0.0,460500.0
2010-07-01,9.4,0.18,2.85,546.0,579.0,92.3421,74.0009,67.8,3.0,0.0,459200.0
2010-08-01,9.5,0.19,2.54,599.0,580.0,92.6805,74.3883,68.9,2.96,0.0,475000.0
2010-09-01,9.5,0.19,2.5,594.0,563.0,92.9537,74.7076,68.2,3.01,0.0,453500.0
2010-10-01,9.4,0.19,2.41,543.0,558.0,92.6903,74.58,67.7,3.18,0.0,446800.0
2010-11-01,9.8,0.19,2.62,545.0,560.0,92.7709,74.7131,71.6,3.16,0.0,426250.0
2010-12-01,9.3,0.18,3.15,539.0,632.0,93.6787,75.4968,74.5,2.81,0.0,420250.0
2011-01-01,9.1,0.17,3.24,630.0,576.0,93.4814,75.3741,74.2,2.7,0.0,426800.0
2011-02-01,9.0,0.16,3.45,517.0,542.0,93.1102,75.0928,77.5,2.57,0.0,401500.0
2011-03-01,9.0,0.14,3.31,600.0,583.0,94.0788,75.8747,67.5,2.62,0.0,406000.0
2011-04-01,9.1,0.1,3.4,554.0,581.0,93.7749,75.6127,69.8,2.56,0.0,420600.0
2011-05-01,9.0,0.09,3.13,561.0,618.0,93.888,75.6684,74.3,2.61,0.0,422500.0
2011-06-01,9.1,0.09,2.96,608.0,636.0,94.172,75.8425,71.5,2.75,0.0,418250.0
2011-07-01,9.0,0.07,2.96,623.0,621.0,94.636,76.1431,63.7,2.76,0.0,412600.0
2011-08-01,9.0,0.1,2.28,585.0,647.0,95.2749,76.5667,55.8,3.06,0.0,409500.0
2011-09-01,9.0,0.08,1.97,650.0,610.0,95.1961,76.3992,59.5,3.29,0.0,417750.0
2011-10-01,8.8,0.07,2.13,610.0,671.0,95.8568,76.8123,60.8,3.22,0.0,402400.0
2011-11-01,8.6,0.08,2.0,711.0,706.0,95.8485,76.6783,63.7,3.13,0.0,389250.0
2011-12-01,8.5,0.07,1.97,694.0,697.0,96.3571,76.9495,69.9,3.27,0.0,377000.0
2012-01-01,8.3,0.08,1.94,723.0,712.0,96.9318,77.2652,75.0,3.26,0.0,377750.0
2012-02-01,8.3,0.1,1.88,704.0,738.0,97.2435,77.3673,75.3,3.17,0.0,363250.0
2012-03-01,8.2,0.13,2.09,695.0,806.0,96.74,76.8194,76.2,3.06,0.0,366600.0
2012-04-01,8.2,0.14,1.97,753.0,732.0,97.4359,77.2234,76.4,3.14,0.0,381750.0
2012-05-01,8.2,0.16,1.71,708.0,796.0,97.6609,77.2546,79.3,3.27,0.0,373500.0
2012-06-01,8.2,0.16,1.53,757.0,794.0,97.6663,77.1149,73.2,3.4,0.0,379200.0
2012-07-01,8.2,0.16,1.43,740.0,849.0,97.8713,77.1372,72.3,3.34,0.0,372500.0
2012-08-01,8.1,0.13,1.58,754.0,840.0,97.4525,76.672,74.3,3.23,0.0,373250.0
2012-09-01,7.8,0.14,1.61,847.0,930.0,97.381,76.4846,78.3,3.12,0.0,381800.0
2012-10-01,7.8,0.16,1.65,915.0,887.0,97.7193,76.6227,82.6,2.83,0.0,368500.0
2012-11-01,7.7,0.16,1.56,833.0,917.0,98.0777,76.78,82.7,2.86,0.0,401250.0
2012-12-01,7.9,0.16,1.65,976.0,941.0,98.3101,76.8435,72.9,2.91,0.0,359000.0
2013-01-01,8.0,0.14,1.84,888.0,940.0,98.3342,76.7502,73.8,2.82,0.0,353000.0
2013-02-01,7.7,0.15,1.88,962.0,980.0,98.7941,77.0029,77.6,2.87,0.0,353000.0
2013-03-01,7.5,0.14,1.87,1010.0,936.0,99.1921,77.2135,78.6,2.89,0.0,351800.0
2013-04-01,7.6,0.15,1.7,835.0,1012.0,99.1065,77.0553,76.4,2.83,0.0,347250.0
2013-05-01,7.5,0.11,1.89,930.0,1003.0,99.1839,77.0307,84.5,2.8,0.0,347750.0
2013-06-01,7.5,0.09,2.25,839.0,942.0,99.3897,77.1119,84.1,2.89,0.0,344600.0
2013-07-01,7.3,0.09,2.54,880.0,997.0,99.0814,76.8008,85.1,2.74,0.0,346000.0
2013-08-01,7.2,0.08,2.7,917.0,964.0,99.6543,77.1772,82.1,2.68,0.0,333400.0
2013-09-01,7.2,0.08,2.79,850.0,1004.0,100.161,77.5046,77.5,2.66,0.0,314000.0
2013-10-01,7.2,0.09,2.57,925.0,1044.0,100.082,77.3802,73.2,2.69,0.0,358500.0
2013-11-01,6.9,0.08,2.65,1100.0,1029.0,100.3158,77.4988,75.1,2.66,0.0,328200.0
2013-12-01,6.7,0.09,2.83,1002.0,1005.0,100.5175,77.5927,82.5,2.48,0.0,346000.0
2014-01-01,6.6,0.07,2.82,888.0,976.0,100.1599,77.254,81.2,2.33,0.0,326750.0
2014-02-01,6.7,0.07,2.66,944.0,1039.0,100.9168,77.7747,81.6,2.39,0.0,335250.0
2014-03-01,6.7,0.08,2.67,970.0,1067.0,101.8942,78.4628,80.0,2.34,0.0,321000.0
2014-04-01,6.2,0.09,2.68,1043.0,1090.0,101.9928,78.4705,84.1,2.19,0.0,322750.0
2014-05-01,6.3,0.09,2.53,1007.0,1018.0,102.3836,78.6999,81.9,2.2,0.0,313800.0
2014-06-01,6.1,0.1,2.56,911.0,1010.0,102.735,78.8952,82.5,2.2,0.0,313500.0
2014-07-01,6.2,0.09,2.51,1085.0,1076.0,102.9632,78.9933,81.8,2.19,0.0,301750.0
2014-08-01,6.1,0.09,2.39,984.0,1047.0,102.7688,78.7669,82.5,2.27,0.0,302000.0
2014-09-01,5.9,0.09,2.51,1023.0,1077.0,103.0641,78.9218,84.6,2.27,0.0,295000.0
2014-10-01,5.7,0.09,2.28,1074.0,1094.0,103.0764,78.8663,86.9,2.39,0.0,288750.0
2014-11-01,5.8,0.09,2.31,1001.0,1059.0,103.7126,79.2962,88.8,2.46,0.0,291600.0
2014-12-01,5.6,0.12,2.18,1073.0,1072.0,103.7044,79.2419,93.6,2.53,0.0,284500.0
2015-01-01,5.7,0.11,1.85,1085.0,1049.0,102.8905,78.5803,98.1,2.57,0.0,287600.0
2015-02-01,5.5,0.11,1.96,886.0,1127.0,102.2335,78.055,95.4,2.53,0.0,301250.0
2015-03-01,5.4,0.11,2.01,960.0,1072.0,101.8914,77.7804,93.0,2.5,0.0,284000.0
2015-04-01,5.4,0.12,1.92,1190.0,1166.0,101.3355,77.3487,95.9,2.54,0.0,286000.0
2015-05-01,5.6,0.12,2.18,1079.0,1272.0,100.8883,77.0092,90.7,2.69,0.0,274000.0
2015-06-01,5.3,0.13,2.34,1205.0,1379.0,100.571,76.7774,96.1,2.77,0.0,273750.0
2015-07-01,5.2,0.13,2.29,1146.0,1140.0,101.2228,77.2924,93.1,2.88,0.0,277750.0
2015-08-01,5.1,0.14,2.1,1130.0,1165.0,101.0367,77.1715,91.9,3.02,0.0,275200.0
2015-09-01,5.0,0.14,2.15,1224.0,1144.0,100.7547,76.9791,87.2,3.17,0.0,269500.0
2015-10-01,5.0,0.12,2.05,1058.0,1160.0,100.2675,76.6282,90.0,3.27,0.0,267000.0
2015-11-01,5.1,0.12,2.13,1172.0,1244.0,99.5298,76.0819,91.3,3.2,0.0,268500.0
2015-12-01,5.0,0.24,2.01,1146.0,1211.0,99.0417,75.7214,92.6,3.22,0.0,271000.0
2016-01-01,4.8,0.34,1.83,1092.0,1171.0,99.5607,76.1248,92.0,3.36,0.0,279600.0
2016-02-01,4.9,0.38,1.47,1225.0,1172.0,99.0445,75.7291,91.7,3.56,0.0,266750.0
2016-03-01,5.0,0.36,1.59,1111.0,1118.0,98.3096,75.1587,91.0,3.24,0.0,263250.0
2016-04-01,5.1,0.37,1.58,1163.0,1160.0,98.6421,75.3969,89.0,2.98,0.0,266000.0
2016-05-01,4.8,0.37,1.53,1148.0,1205.0,98.4184,75.2034,94.7,2.87,0.0,274500.0
2016-06-01,4.9,0.38,1.37,1203.0,1208.0,98.8833,75.5298,93.5,2.89,0.0,265250.0
2016-07-01,4.8,0.39,1.2,1239.0,1198.0,98.9992,75.5839,90.0,2.72,0.0,259400.0
2016-08-01,4.9,0.4,1.26,1171.0,1201.0,98.85,75.432,89.8,2.68,0.0,263500.0
2016-09-01,5.0,0.4,1.34,1068.0,1303.0,98.7457,75.3145,91.2,2.68,0.0,251500.0
2016-10-01,4.9,0.4,1.43,1313.0,1254.0,98.7611,75.2918,87.2,2.62,0.0,255800.0
2016-11-01,4.7,0.41,1.69,1140.0,1230.0,98.3491,74.9498,93.8,2.57,0.0,245750.0
2016-12-01,4.7,0.54,1.98,1252.0,1248.0,99.0214,75.4424,98.2,2.34,0.0,252200.0
2017-01-01,4.7,0.65,1.91,1190.0,1303.0,98.7611,75.2339,98.5,2.23,0.0,244000.0
2017-02-01,4.6,0.66,1.89,1271.0,1234.0,98.3646,74.9346,96.3,2.22,0.0,230250.0
2017-03-01,4.4,0.79,1.73,1190.0,1272.0,99.0137,75.4439,96.9,2.2,0.0,233750.0
2017-04-01,4.4,0.9,1.49,1146.0,1251.0,100.0224,76.2392,97.0,2.27,0.0,227800.0
2017-05-01,4.4,0.91,1.4,1157.0,1208.0,100.1408,76.368,97.1,2.25,0.0,239000.0
2017-06-01,4.3,1.04,1.19,1249.0,1353.0,100.3471,76.5758,95.0,2.18,0.0,248000.0
2017-07-01,4.3,1.15,1.23,1206.0,1256.0,100.1068,76.4534,93.4,2.07,0.0,250800.0
2017-08-01,4.4,1.16,1.18,1159.0,1319.0,99.6925,76.2067,96.8,2.1,0.0,247750.0
2017-09-01,4.3,1.15,1.15,1181.0,1273.0,99.7954,76.3591,95.1,2.1,0.0,272400.0
2017-10-01,4.2,1.15,1.27,1257.0,1356.0,101.0247,77.3753,100.7,1.96,0.0,242250.0
2017-11-01,4.2,1.16,1.1,1273.0,1299.0,101.2664,77.6337,98.5,1.92,0.0,247750.0
2017-12-01,4.1,1.3,1.06,1177.0,1311.0,101.4644,77.8538,95.9,1.82,0.0,242600.0
2018-01-01,4.0,1.41,1.15,1299.0,1317.0,101.4625,77.9138,95.7,1.68,0.0,235250.0
2018-02-01,4.1,1.42,1.27,1277.0,1321.0,101.7085,78.1508,99.7,1.65,0.0,221000.0
2018-03-01,4.0,1.51,1.11,1318.0,1385.0,102.2067,78.5697,101.4,1.8,0.0,225800.0
2018-04-01,4.0,1.69,1.08,1276.0,1378.0,103.3329,79.4597,98.8,1.8,0.0,221500.0
2018-05-01,3.8,1.7,1.08,1357.0,1338.0,102.4024,78.7526,98.0,1.85,0.0,221250.0
2018-06-01,4.0,1.82,0.97,1192.0,1345.0,103.198,79.356,98.2,1.92,0.0,222600.0
2018-07-01,3.8,1.91,0.9,1208.0,1334.0,103.3646,79.4588,97.9,1.9,0.0,209500.0
2018-08-01,3.8,1.91,0.82,1288.0,1273.0,104.0327,79.9322,96.2,1.88,0.0,208500.0
2018-09-01,3.7,1.95,0.83,1250.0,1314.0,104.1004,79.9314,100.1,1.88,0.0,205200.0
2018-10-01,3.8,2.19,0.86,1221.0,1272.0,103.9856,79.7802,98.6,1.92,0.0,213000.0
2018-11-01,3.8,2.2,0.75,1181.0,1340.0,104.0681,79.7722,97.5,2.1,0.0,225250.0
2018-12-01,3.9,2.27,0.42,1095.0,1317.0,104.0936,79.7142,98.3,2.3,0.0,224600.0
2019-01-01,4.0,2.4,0.29,1226.0,1254.0,103.4021,79.1024,91.2,2.41,0.0,222750.0
2019-02-01,3.8,2.4,0.24,1121.0,1286.0,102.8371,78.5877,93.8,2.27,0.0,222500.0
2019-03-01,3.8,2.41,0.12,1191.0,1295.0,102.8757,78.5337,98.4,2.27,0.0,211800.0
2019-04-01,3.7,2.42,0.1,1272.0,1322.0,102.274,77.9898,97.2,2.17,0.0,209750.0
2019-05-01,3.6,2.39,0.0,1293.0,1347.0,102.392,77.9962,100.0,2.23,0.0,218500.0
2019-06-01,3.6,2.38,-0.15,1243.0,1299.0,102.4375,77.9493,98.2,2.39,0.0,225200.0
2019-07-01,3.7,2.4,-0.08,1240.0,1379.0,101.9408,77.4935,98.4,2.22,0.0,208500.0
2019-08-01,3.6,2.13,-0.36,1375.0,1482.0,102.639,77.9497,89.8,2.24,0.0,211000.0
2019-09-01,3.5,2.04,-0.23,1311.0,1469.0,102.2917,77.6205,93.2,2.21,0.0,209500.0
2019-10-01,3.6,1.83,0.03,1325.0,1523.0,101.4281,76.9099,95.5,2.21,0.0,212250.0
2019-11-01,3.6,1.55,0.24,1353.0,1535.0,101.9372,77.252,96.8,2.13,0.0,224400.0
2019-12-01,3.6,1.55,0.29,1548.0,1443.0,101.7003,77.0416,99.3,2.02,0.0,236000.0
2020-01-01,3.6,1.55,0.21,1581.0,1490.0,101.0338,76.519,99.8,2.01,0.0,215500.0
2020-02-01,3.5,1.58,-0.04,1549.0,1461.0,101.3735,76.7764,101.0,2.11,0.0,210200.0
2020-03-01,4.4,0.65,0.57,1266.0,1351.0,97.4078,73.7887,89.1,3.42,1.0,2335250.0
2020-04-01,14.8,0.05,0.52,936.0,1079.0,84.5619,64.0847,71.8,3.47,1.0,4663250.0
2020-05-01,13.2,0.05,0.54,1039.0,1251.0,85.9604,65.1874,72.3,3.28,0.0,2173400.0
2020-06-01,11.0,0.08,0.57,1266.0,1333.0,91.5934,69.5218,78.1,2.91,0.0,1490250.0
2020-07-01,10.2,0.09,0.49,1526.0,1539.0,95.0256,72.2103,72.5,2.69,0.0,1383500.0
2020-08-01,8.4,0.1,0.55,1396.0,1534.0,95.9549,73.0192,74.1,2.62,0.0,922400.0
2020-09-01,7.8,0.09,0.57,1473.0,1650.0,95.9669,73.1451,80.4,2.68,0.0,851750.0
2020-10-01,6.9,0.09,0.69,1543.0,1612.0,96.7394,73.8636,81.8,2.65,0.0,795400.0
2020-11-01,6.7,0.09,0.78,1543.0,1692.0,97.0816,74.2637,76.9,2.43,0.0,751250.0
2020-12-01,6.7,0.09,0.84,1614.0,1755.0,98.363,75.3903,80.7,2.23,0.0,836750.0
2021-01-01,6.4,0.09,1.0,1624.0,1856.0,98.8822,75.9401,79.0,2.16,0.0,827800.0
2021-02-01,6.2,0.08,1.22,1398.0,1703.0,95.6149,73.5725,76.8,2.16,0.0,755000.0
2021-03-01,6.1,0.07,1.58,1688.0,1756.0,98.3856,75.8472,84.9,2.13,0.0,669250.0
2021-04-01,6.1,0.07,1.61,1489.0,1710.0,98.5587,76.1216,88.3,1.97,0.0,589000.0
2021-05-01,5.8,0.06,1.6,1600.0,1705.0,99.4333,76.931,82.9,2.0,0.0,469200.0
2021-06-01,5.9,0.08,1.48,1664.0,1662.0,99.7987,77.3367,85.5,1.92,0.0,409500.0
2021-07-01,5.4,0.1,1.27,1600.0,1666.0,100.2519,77.7972,81.2,1.92,0.0,370000.0
2021-08-01,5.1,0.09,1.23,1596.0,1740.0,100.0437,77.7308,70.3,1.96,0.0,359750.0
2021-09-01,4.7,0.08,1.33,1576.0,1649.0,98.8579,76.8871,72.8,1.86,0.0,354750.0
2021-10-01,4.5,0.08,1.53,1587.0,1699.0,100.1861,77.9838,71.7,1.77,0.0,284400.0
2021-11-01,4.1,0.08,1.51,1707.0,1770.0,100.8654,78.562,67.4,1.72,0.0,236500.0
2021-12-01,3.9,0.08,1.4,1711.0,1886.0,100.5726,78.3687,70.6,1.84,0.0,216250.0
2022-01-01,4.0,0.08,1.61,1693.0,1923.0,100.1856,78.088,67.2,1.82,0.0,239200.0
2022-02-01,3.9,0.08,1.62,1730.0,1846.0,100.8064,78.5777,62.8,2.04,0.0,219000.0
2022-03-01,3.7,0.2,1.68,1700.0,1899.0,101.3907,79.0253,59.4,2.16,0.0,215000.0
2022-04-01,3.7,0.33,1.99,1807.0,1849.0,101.44,79.0418,65.2,1.91,0.0,213000.0
2022-05-01,3.6,0.77,1.91,1546.0,1711.0,101.3335,78.9224,58.4,2.22,0.0,209750.0
2022-06-01,3.6,1.21,1.6,1556.0,1726.0,101.018,78.6259,50.0,2.13,0.0,212500.0
2022-07-01,3.5,1.68,0.6,1382.0,1707.0,101.223,78.7204,51.5,2.31,0.0,218200.0
2022-08-01,3.6,2.33,0.18,1532.0,1565.0,101.0963,78.5438,58.2,2.25,0.0,216500.0
2022-09-01,3.5,2.56,0.3,1481.0,1586.0,101.2918,78.6087,58.6,2.17,0.0,197500.0
2022-10-01,3.6,3.08,0.11,1446.0,1583.0,101.2529,78.4843,59.9,2.28,0.0,202600.0
2022-11-01,3.6,3.78,-0.43,1434.0,1424.0,100.9552,78.1544,56.7,2.18,0.0,210750.0
2022-12-01,3.5,4.1,-0.74,1296.0,1398.0,99.7664,77.1334,59.8,1.97,0.0,208200.0
2023-01-01,3.5,4.33,-1.16,1358.0,1418.0,100.505,77.601,64.9,1.97,0.0,204500.0
2023-02-01,3.6,4.57,-1.04,1395.0,1605.0,100.6416,77.6078,66.9,1.84,0.0,214750.0
2023-03-01,3.5,4.65,-1.2,1366.0,1472.0,101.0205,77.8036,62.0,2.05,0.0,229000.0
2023-04-01,3.4,4.83,-1.61,1343.0,1482.0,101.253,77.888,63.7,2.07,0.0,216400.0
2023-05-01,3.6,5.06,-1.74,1609.0,1579.0,100.9286,77.5496,59.0,2.2,0.0,226000.0
2023-06-01,3.6,5.08,-1.67,1420.0,1447.0,100.1196,76.8467,64.2,2.0,0.0,250750.0
2023-07-01,3.5,5.12,-1.59,1464.0,1530.0,100.9067,77.3773,71.5,1.84,0.0,235200.0
2023-08-01,3.7,5.33,-1.39,1321.0,1596.0,100.8393,77.2588,69.4,1.85,0.0,245000.0
2023-09-01,3.7,5.33,-1.18,1369.0,1530.0,101.0211,77.3375,67.8,1.78,0.0,218600.0
2023-10-01,3.9,5.33,-0.8,1380.0,1524.0,100.4689,76.859,63.8,1.83,0.0,210250.0
2023-11-01,3.7,5.33,-1.02,1522.0,1513.0,100.8639,77.1081,61.3,1.79,0.0,218000.0
2023-12-01,3.8,5.33,-1.42,1504.0,1501.0,100.6031,76.858,69.7,1.62,0.0,207800.0
2024-01-01,3.7,5.33,-1.39,1378.0,1548.0,99.2223,75.7542,79.0,1.62,0.0,211500.0
2024-02-01,3.9,5.33,-1.23,1555.0,1570.0,100.285,76.5157,76.9,1.56,0.0,210000.0
2024-03-01,3.9,5.33,-1.26,1297.0,1477.0,100.4575,76.5964,79.4,1.54,0.0,215200.0
2024-04-01,3.9,5.33,-0.9,1379.0,1456.0,100.2434,76.3803,77.2,1.46,0.0,210250.0
2024-05-01,3.9,5.33,-0.97,1329.0,1405.0,100.863,76.7961,69.1,1.47,0.0,222000.0
2024-06-01,4.1,5.33,-1.2,1318.0,1459.0,100.894,76.7586,68.2,1.51,0.0,234800.0
2024-07-01,4.2,5.33,-1.18,1269.0,1448.0,99.9757,75.9946,66.4,1.59,0.0,237250.0
2024-08-01,4.2,5.33,-1.43,1394.0,1492.0,100.4309,76.2697,67.9,1.73,0.0,230600.0
2024-09-01,4.1,5.13,-1.2,1357.0,1421.0,99.8084,75.7216,70.1,1.7,0.0,224500.0
2024-10-01,4.1,4.83,-0.62,1370.0,1435.0,99.4695,75.3852,70.5,1.53,0.0,236250.0
2024-11-01,4.2,4.64,-0.26,1300.0,1512.0,99.2925,75.1681,71.8,1.42,0.0,219200.0
2024-12-01,4.1,4.48,0.0,1494.0,1467.0,100.3273,75.8651,74.0,1.41,0.0,222750.0
2025-01-01,4.0,4.33,0.29,1353.0,1463.0,100.0647,75.5781,71.7,1.45,0.0,215000.0
2025-02-01,4.2,4.33,0.12,1491.0,1446.0,101.0993,76.2685,64.7,1.47,0.0,225000.0
2025-03-01,4.2,4.33,-0.06,1346.0,1492.0,101.0404,76.1318,57.0,1.65,0.0,223000.0
2025-04-01,4.2,4.33,-0.04,1400.0,1445.0,101.1279,76.1048,52.2,1.9,0.0,225750.0
2025-05-01,4.3,4.33,0.06,1289.0,1416.0,100.9655,75.8894,52.2,1.87,0.0,231800.0
2025-06-01,4.1,4.33,-0.04,1379.0,1399.0,101.4785,76.181,60.7,1.77,0.0,239000.0
2025-07-01,4.3,4.33,-0.02,1432.0,1400.0,101.894,76.3997,61.7,1.71,0.0,221500.0
2025-08-01,4.3,4.33,-0.04,1291.0,1347.0,101.6247,76.1055,58.2,1.74,0.0,229600.0
2025-09-01,4.4,4.22,0.05,1319.0,1444.0,101.668,76.0461,55.1,1.71,0.0,234000.0
2025-10-01,,4.09,0.08,1273.0,1418.0,101.2195,75.6194,53.6,1.68,0.0,226750.0
2025-11-01,4.5,3.88,0.15,1319.0,1414.0,101.0344,75.3901,51.0,1.77,0.0,222400.0
2025-12-01,4.4,3.72,0.46,1378.0,1482.0,101.4941,75.6422,52.9,1.76,0.0,219250.0
2026-01-01,4.3,3.64,0.54,1385.0,1393.0,101.0388,75.242,56.4,1.67,0.0,211800.0
2026-02-01,4.4,3.64,0.44,1346.0,1540.0,101.9053,75.8142,56.6,1.68,0.0,215750.0
2026-03-01,4.3,3.64,0.53,1522.0,1363.0,101.7336,75.6178,53.3,1.79,0.0,208000.0
2026-04-01,4.3,3.64,0.62,1414.0,1423.0,102.5783,76.1803,49.8,1.71,0.0,207750.0
2026-05-01,4.3,3.63,0.79,1182.0,1410.0,102.6396,76.1605,44.8,1.62,0.0,211600.0
2026-06-01,4.2,3.63,0.66,1439.0,1374.0,102.842,76.2438,49.5,1.53,0.0,222500.0
2026-07-01,4.1,3.63,0.73,1309.0,1433.0,103.0454,76.3259,55.2,1.59,0.0,203250.0
2026-08-01,4.1,3.63,0.8,1275.0,1394.0,103.0682,76.2717,,1.64,0.0,206000.0
