DATE,UNRATE,ICSA,FEDFUNDS,HOUST,PERMIT,INDPRO,TCU,UMCSENT,BAA10YM,T10Y3MM,USREC
1982-01-01,8.6,535200.0,13.22,843.0,794.0,48.8685,75.0243,71.0,2.51,1.67,1.0
1982-02-01,8.9,533750.0,14.78,866.0,808.0,49.8636,76.3932,66.5,2.75,0.15,1.0
1982-03-01,9.0,556500.0,14.68,931.0,891.0,49.5323,75.7372,62.0,2.96,0.55,1.0
1982-04-01,9.3,587000.0,14.94,917.0,888.0,49.075,74.9018,65.5,2.91,0.53,1.0
1982-05-01,9.4,583800.0,14.45,1025.0,953.0,48.7483,74.2775,67.5,3.02,0.91,1.0
1982-06-01,9.6,599500.0,14.15,902.0,913.0,48.6214,73.9684,65.7,2.62,1.22,1.0
1982-07-01,9.8,576000.0,12.59,1166.0,1044.0,48.4616,73.6215,65.4,2.85,2.09,1.0
1982-08-01,9.8,629500.0,10.12,1046.0,926.0,48.0192,72.8586,65.4,3.26,4.06,1.0
1982-09-01,10.1,660750.0,10.31,1144.0,1042.0,47.9008,72.5997,69.3,3.29,4.15,1.0
1982-10-01,10.4,652400.0,9.71,1173.0,1149.0,47.4371,71.8294,73.4,3.82,2.94,1.0
1982-11-01,10.8,594250.0,9.2,1372.0,1229.0,47.283,71.5396,72.1,3.75,2.2,1.0
1982-12-01,10.8,523750.0,8.95,1303.0,1351.0,46.9485,70.9871,71.9,3.6,2.34,0.0
1983-01-01,10.4,501000.0,8.68,1586.0,1426.0,47.8234,72.2714,70.4,3.48,2.34,0.0
1983-02-01,10.4,488750.0,8.51,1699.0,1471.0,47.5233,71.7863,74.6,3.23,2.33,0.0
1983-03-01,10.3,480250.0,8.77,1606.0,1475.0,47.9244,72.366,80.8,3.1,1.85,0.0
1983-04-01,10.2,496000.0,8.8,1472.0,1566.0,48.5311,73.2597,89.1,2.89,1.89,0.0
1983-05-01,10.1,468000.0,8.63,1776.0,1669.0,48.8239,73.6804,93.3,2.71,1.88,0.0
1983-06-01,10.1,444250.0,8.98,1733.0,1769.0,49.123,74.1097,92.2,2.52,1.71,0.0
1983-07-01,9.4,408000.0,9.37,1785.0,1795.0,49.8546,75.188,92.8,2.01,1.93,0.0
1983-08-01,9.5,435750.0,9.56,1910.0,1713.0,50.4443,76.0452,90.9,1.79,2.11,0.0
1983-09-01,9.2,408750.0,9.45,1710.0,1585.0,51.178,77.1102,89.9,1.9,2.29,0.0
1983-10-01,8.8,402200.0,9.48,1715.0,1716.0,51.5693,77.6485,89.3,1.92,2.55,0.0
1983-11-01,8.5,392500.0,9.34,1785.0,1668.0,51.7993,77.9317,91.1,1.92,2.58,0.0
1983-12-01,8.3,368800.0,9.47,1688.0,1627.0,52.0594,78.248,94.2,1.92,2.47,0.0
1984-01-01,8.0,351000.0,9.56,1897.0,1816.0,53.0985,79.7207,100.1,1.98,2.41,0.0
1984-02-01,7.8,339250.0,9.59,2260.0,1987.0,53.3318,79.9686,97.4,1.75,2.38,0.0
1984-03-01,7.8,345800.0,9.91,1663.0,1725.0,53.5929,80.2444,101.0,1.67,2.43,0.0
1984-04-01,7.7,369250.0,10.29,1851.0,1776.0,53.91,80.5902,96.1,1.68,2.56,0.0
1984-05-01,7.4,360250.0,10.32,1774.0,1741.0,54.2026,80.8857,98.1,1.33,3.19,0.0
1984-06-01,7.2,361400.0,11.06,1843.0,1814.0,54.4014,81.0276,95.5,1.49,3.3,0.0
1984-07-01,7.5,360500.0,11.23,1732.0,1605.0,54.5521,81.0869,96.6,1.79,2.83,0.0
1984-08-01,7.5,389500.0,11.64,1586.0,1530.0,54.6083,80.9969,99.1,1.91,1.82,0.0
1984-09-01,7.3,395400.0,11.3,1698.0,1523.0,54.4466,80.5761,100.9,1.83,1.72,0.0
1984-10-01,7.4,419250.0,9.99,1590.0,1490.0,54.4406,80.3793,96.3,1.78,2.04,0.0
1984-11-01,7.2,407000.0,9.43,1689.0,1643.0,54.624,80.4551,95.7,1.91,2.65,0.0
1984-12-01,7.3,385600.0,8.38,1612.0,1626.0,54.6416,80.2819,92.9,1.9,3.16,0.0
1985-01-01,7.3,370750.0,8.35,1711.0,1660.0,54.6322,80.0654,96.0,1.88,3.36,0.0
1985-02-01,7.2,391750.0,8.5,1632.0,1662.0,54.7825,80.0794,93.7,1.72,2.95,0.0
1985-03-01,7.2,380800.0,8.58,1800.0,1727.0,54.8653,79.9936,93.7,1.83,3.03,0.0
1985-04-01,7.3,398250.0,8.27,1821.0,1664.0,54.7459,79.6154,94.6,2.08,3.21,0.0
1985-05-01,7.2,392750.0,7.97,1680.0,1709.0,54.8255,79.53,91.8,2.3,3.12,0.0
1985-06-01,7.4,392400.0,7.53,1676.0,1716.0,54.7989,79.295,96.5,2.24,2.98,0.0
1985-07-01,7.4,378250.0,7.88,1684.0,1697.0,54.5396,78.7325,94.0,2.12,2.99,0.0
1985-08-01,7.1,404400.0,7.9,1743.0,1808.0,54.7055,78.7932,92.4,2.17,2.96,0.0
1985-09-01,7.1,408500.0,7.92,1676.0,1916.0,54.8906,78.8917,92.1,2.11,3.04,0.0
1985-10-01,7.1,405750.0,7.99,1834.0,1743.0,54.7199,78.4909,88.4,2.12,2.84,0.0
1985-11-01,7.0,393400.0,8.05,1698.0,1692.0,54.9124,78.624,90.9,2.21,2.3,0.0
1985-12-01,7.0,385250.0,8.27,1942.0,1794.0,55.4412,79.2506,93.9,2.32,1.93,0.0
1986-01-01,6.7,366750.0,8.14,1972.0,1847.0,55.7481,79.5708,95.6,2.25,1.89,0.0
1986-02-01,7.2,369500.0,7.86,1848.0,1767.0,55.3568,78.9079,95.9,2.41,1.41,0.0
1986-03-01,7.2,381200.0,7.48,1876.0,1780.0,54.9625,78.2531,95.1,2.72,1.02,0.0
1986-04-01,7.1,385750.0,6.99,1933.0,1858.0,55.0413,78.2809,96.2,2.89,1.06,0.0
1986-05-01,7.2,386000.0,6.85,1854.0,1797.0,55.1226,78.3175,94.8,2.58,1.38,0.0
1986-06-01,7.2,370500.0,6.92,1847.0,1790.0,54.9005,77.9257,99.3,2.54,1.4,0.0
1986-07-01,7.0,362000.0,6.56,1782.0,1780.0,55.2592,78.3589,97.7,2.86,1.3,0.0
1986-08-01,6.9,407400.0,6.17,1807.0,1726.0,55.1567,78.1348,94.9,3.01,1.48,0.0
1986-09-01,7.0,395500.0,5.89,1687.0,1686.0,55.2975,78.2497,91.9,2.75,2.1,0.0
1986-10-01,7.0,383250.0,5.85,1681.0,1675.0,55.5332,78.4896,95.6,2.81,2.11,0.0
1986-11-01,6.9,363200.0,6.04,1623.0,1644.0,55.7557,78.7,91.4,2.82,1.75,0.0
1986-12-01,6.6,358250.0,6.91,1833.0,1903.0,56.2845,79.3312,89.1,2.86,1.43,0.0
1987-01-01,6.6,345600.0,6.43,1774.0,1690.0,56.0882,78.9302,90.4,2.64,1.5,0.0
1987-02-01,6.6,348750.0,6.1,1784.0,1689.0,56.8275,79.832,90.2,2.4,1.5,0.0
1987-03-01,6.6,333250.0,6.13,1726.0,1704.0,56.9098,79.799,90.8,2.36,1.48,0.0
1987-04-01,6.3,336250.0,6.37,1614.0,1601.0,57.2701,80.1481,92.8,2.02,2.2,0.0
1987-05-01,6.3,331000.0,6.85,1628.0,1500.0,57.6322,80.4929,91.1,1.9,2.76,0.0
1987-06-01,6.2,322250.0,6.73,1594.0,1522.0,57.9307,80.7451,91.5,2.12,2.55,0.0
1987-07-01,6.1,319250.0,6.58,1575.0,1516.0,58.3258,81.1334,93.7,2.16,2.57,0.0
1987-08-01,6.0,325600.0,6.73,1605.0,1511.0,58.7636,81.5864,94.4,2.04,2.53,0.0
1987-09-01,5.9,309750.0,7.22,1695.0,1514.0,58.9951,81.762,93.6,1.89,2.8,0.0
1987-10-01,6.0,300000.0,7.29,1515.0,1447.0,59.781,82.7171,89.3,2.1,3.17,0.0
1987-11-01,5.8,306750.0,6.69,1656.0,1457.0,60.0726,83.0015,83.1,2.37,2.97,0.0
1987-12-01,5.7,318750.0,6.77,1400.0,1345.0,60.4095,83.3639,86.8,2.3,3.03,0.0
1988-01-01,5.7,335600.0,6.83,1271.0,1244.0,60.3976,83.2612,90.8,2.4,2.67,0.0
1988-02-01,5.7,318750.0,6.58,1473.0,1438.0,60.7003,83.6092,91.6,2.41,2.37,0.0
1988-03-01,5.7,305500.0,6.58,1532.0,1525.0,60.8501,83.7608,94.6,2.2,2.5,0.0
1988-04-01,5.4,312200.0,6.87,1573.0,1429.0,61.2031,84.2045,91.2,2.18,2.64,0.0
1988-05-01,5.6,313750.0,7.09,1421.0,1444.0,61.0797,84.0006,94.8,1.95,2.64,0.0
1988-06-01,5.4,308250.0,7.51,1478.0,1485.0,61.2569,84.2142,94.7,2.08,2.26,0.0
1988-07-01,5.4,321600.0,7.75,1467.0,1439.0,61.2659,84.1973,93.4,2.05,2.11,0.0
1988-08-01,5.6,314750.0,8.01,1493.0,1460.0,61.5731,84.5859,97.4,1.95,1.96,0.0
1988-09-01,5.4,304500.0,8.19,1492.0,1436.0,61.3807,84.2804,97.3,1.92,1.5,0.0
1988-10-01,5.4,291400.0,8.3,1522.0,1516.0,61.6453,84.5914,94.1,1.61,1.2,0.0
1988-11-01,5.3,290500.0,8.35,1569.0,1508.0,61.7944,84.7301,93.0,1.52,0.93,0.0
1988-12-01,5.3,293200.0,8.76,1563.0,1501.0,62.0743,85.0338,91.9,1.54,0.76,0.0
1989-01-01,5.4,289750.0,9.12,1621.0,1466.0,62.2574,85.1891,97.9,1.56,0.53,0.0
1989-02-01,5.2,303750.0,9.36,1425.0,1383.0,61.9819,84.7014,95.4,1.44,0.33,0.0
1989-03-01,5.0,322000.0,9.85,1422.0,1214.0,62.1369,84.786,94.3,1.31,0.22,0.0
1989-04-01,5.2,311800.0,9.84,1339.0,1376.0,62.1276,84.6312,91.5,1.43,0.22,0.0
1989-05-01,5.2,324500.0,9.81,1331.0,1381.0,61.7744,83.9944,90.7,1.6,0.12,0.0
1989-06-01,5.3,333000.0,9.53,1397.0,1322.0,61.7697,83.819,90.6,1.75,-0.15,0.0
1989-07-01,5.2,341600.0,9.24,1427.0,1283.0,61.1738,82.8332,92.0,1.85,-0.13,0.0
1989-08-01,5.2,334500.0,8.99,1332.0,1334.0,61.7732,83.4581,89.6,1.77,-0.06,0.0
1989-09-01,5.3,336000.0,9.02,1279.0,1314.0,61.5796,83.0045,95.8,1.72,0.18,0.0
1989-10-01,5.3,363250.0,8.84,1410.0,1365.0,61.4966,82.6969,93.9,1.8,0.11,0.0
1989-11-01,5.4,336750.0,8.55,1351.0,1344.0,61.7044,82.7778,90.9,1.94,-0.07,0.0
1989-12-01,5.4,355200.0,8.45,1251.0,1422.0,62.0428,83.0331,90.5,1.98,-0.04,0.0
1990-01-01,5.4,361000.0,8.23,1551.0,1748.0,61.729,82.4179,93.0,1.73,0.31,0.0
1990-02-01,5.3,358250.0,8.24,1437.0,1329.0,62.2896,82.9732,89.5,1.67,0.47,0.0
1990-03-01,5.2,345200.0,8.28,1289.0,1246.0,62.5999,83.1981,91.3,1.62,0.42,0.0
1990-04-01,5.4,361750.0,8.26,1248.0,1136.0,62.4359,82.8001,93.9,1.51,0.75,0.0
1990-05-01,5.4,355250.0,8.18,1212.0,1067.0,62.6258,82.8798,90.6,1.65,0.75,0.0
1990-06-01,5.2,362400.0,8.29,1177.0,1108.0,62.8382,82.9978,88.3,1.74,0.49,0.0
1990-07-01,5.5,367000.0,8.15,1171.0,1078.0,62.7284,82.7018,88.2,1.73,0.6,0.0
1990-08-01,5.7,384250.0,8.13,1115.0,1069.0,62.9475,82.8509,76.4,1.66,1.06,1.0
1990-09-01,5.9,394000.0,8.2,1110.0,976.0,62.9523,82.7293,72.8,1.75,1.29,1.0
1990-10-01,5.9,425250.0,8.11,1014.0,925.0,62.5845,82.1303,63.9,2.02,1.32,1.0
1990-11-01,6.2,446750.0,7.81,1145.0,941.0,61.7887,80.9828,66.0,2.23,1.1,1.0
1990-12-01,6.3,455000.0,7.31,969.0,861.0,61.3352,80.2964,65.5,2.35,1.13,1.0
1991-01-01,6.4,439750.0,6.91,798.0,786.0,61.1355,79.9522,66.8,2.36,1.68,1.0
1991-02-01,6.6,484000.0,6.25,965.0,853.0,60.6838,79.2872,70.4,2.22,1.73,1.0
1991-03-01,6.8,498600.0,6.12,921.0,911.0,60.3346,78.7629,87.7,1.98,2.02,1.0
1991-04-01,6.7,467250.0,5.91,1001.0,916.0,60.4938,78.9062,81.8,1.9,2.21,0.0
1991-05-01,6.9,447000.0,5.78,996.0,991.0,61.0633,79.5846,78.3,1.79,2.44,0.0
1991-06-01,6.9,428600.0,5.9,1036.0,964.0,61.5581,80.1624,82.1,1.68,2.53,0.0
1991-07-01,6.8,418250.0,5.82,1063.0,973.0,61.7305,80.3158,82.9,1.62,2.52,0.0
1991-08-01,6.9,431600.0,5.66,1049.0,944.0,61.7298,80.2365,82.0,1.75,2.4,0.0
1991-09-01,6.9,424500.0,5.45,1015.0,974.0,62.2195,80.7851,83.0,1.86,2.28,0.0
1991-10-01,7.0,422750.0,5.21,1079.0,991.0,62.1855,80.6424,78.3,1.96,2.39,0.0
1991-11-01,7.0,445400.0,4.81,1103.0,984.0,62.0871,80.4053,69.1,2.03,2.73,0.0
1991-12-01,7.3,456750.0,4.43,1079.0,1061.0,61.7852,79.8949,68.2,2.17,2.91,0.0
1992-01-01,7.3,439000.0,4.03,1176.0,1077.0,61.4616,79.3278,67.5,2.1,3.12,0.0
1992-02-01,7.4,442200.0,4.06,1250.0,1146.0,61.8955,79.7329,68.8,1.89,3.39,0.0
1992-03-01,7.4,429500.0,3.98,1297.0,1082.0,62.4232,80.2464,76.0,1.71,3.4,0.0
1992-04-01,7.4,418250.0,3.73,1099.0,1054.0,62.897,80.6802,77.2,1.73,3.64,0.0
1992-05-01,7.6,417400.0,3.82,1214.0,1056.0,63.104,80.764,79.2,1.74,3.67,0.0
1992-06-01,7.8,418750.0,3.76,1145.0,1057.0,63.1363,80.6204,80.4,1.79,3.51,0.0
1992-07-01,7.7,442750.0,3.25,1139.0,1089.0,63.7176,81.1771,76.6,2.0,3.56,0.0
1992-08-01,7.6,407200.0,3.3,1226.0,1075.0,63.3613,80.5433,76.1,2.06,3.39,0.0
1992-09-01,7.6,417000.0,3.22,1186.0,1114.0,63.5703,80.6355,75.6,2.2,3.45,0.0
1992-10-01,7.3,377800.0,3.1,1244.0,1132.0,63.9995,81.0138,73.3,2.25,3.66,0.0
1992-11-01,7.4,362250.0,3.09,1214.0,1118.0,64.2422,81.1636,85.3,2.09,3.66,0.0
1992-12-01,7.4,339000.0,2.92,1227.0,1176.0,64.3507,81.1549,91.0,2.04,3.48,0.0
1993-01-01,7.3,345600.0,3.02,1210.0,1177.0,64.5978,81.3264,89.3,2.07,3.53,0.0
1993-02-01,7.1,338250.0,3.03,1210.0,1148.0,64.9089,81.5884,86.6,2.13,3.27,0.0
1993-03-01,7.0,351000.0,3.07,1083.0,1056.0,64.8522,81.3955,85.9,2.17,2.97,0.0
1993-04-01,7.1,354750.0,2.96,1258.0,1104.0,65.0301,81.5045,85.6,2.17,3.04,0.0
1993-05-01,7.1,343600.0,3.0,1260.0,1112.0,64.784,81.0851,80.3,2.17,3.01,0.0
1993-06-01,7.0,342750.0,3.04,1280.0,1130.0,64.9301,81.1568,81.5,2.11,2.82,0.0
1993-07-01,6.9,350800.0,3.06,1254.0,1174.0,65.1052,81.262,77.0,2.12,2.7,0.0
1993-08-01,6.8,341000.0,3.03,1300.0,1230.0,65.0267,81.0442,77.3,1.92,2.59,0.0
1993-09-01,6.7,339000.0,3.09,1343.0,1251.0,65.3717,81.3448,77.9,1.98,2.35,0.0
1993-10-01,6.8,349800.0,2.99,1392.0,1287.0,65.8509,81.7992,82.7,1.98,2.24,0.0
1993-11-01,6.6,341000.0,3.02,1376.0,1357.0,66.1518,82.0178,81.2,1.94,2.54,0.0
1993-12-01,6.5,323000.0,2.96,1533.0,1461.0,66.5436,82.3349,88.2,1.92,2.64,0.0
1994-01-01,6.6,359200.0,3.05,1272.0,1390.0,66.7351,82.3903,94.3,1.9,2.71,0.0
1994-02-01,6.6,348500.0,3.25,1337.0,1269.0,66.774,82.2437,93.2,1.79,2.64,0.0
1994-03-01,6.5,335750.0,3.34,1564.0,1342.0,67.4552,82.871,91.5,1.65,2.89,0.0
1994-04-01,6.4,344000.0,3.56,1465.0,1392.0,67.8541,83.1358,92.6,1.55,3.19,0.0
1994-05-01,6.1,359000.0,4.01,1526.0,1396.0,68.1663,83.2793,92.8,1.44,2.91,0.0
1994-06-01,6.1,340000.0,4.25,1409.0,1357.0,68.6265,83.5893,91.2,1.55,2.85,0.0
1994-07-01,6.1,342200.0,4.26,1439.0,1335.0,68.7178,83.4406,89.0,1.5,2.84,0.0
1994-08-01,6.0,336250.0,4.47,1450.0,1377.0,69.1785,83.7334,91.7,1.5,2.63,0.0
1994-09-01,5.9,330250.0,4.73,1474.0,1412.0,69.3961,83.7254,91.5,1.52,2.71,0.0
1994-10-01,5.8,333400.0,4.76,1450.0,1397.0,69.9544,84.1216,92.7,1.46,2.64,0.0
1994-11-01,5.6,328000.0,5.29,1511.0,1340.0,70.4326,84.414,91.6,1.36,2.51,0.0
1994-12-01,5.5,323200.0,5.45,1455.0,1396.0,71.1523,84.9892,95.1,1.29,2.05,0.0
1995-01-01,5.6,333500.0,5.53,1407.0,1282.0,71.2734,84.8472,97.6,1.3,1.88,0.0
1995-02-01,5.4,337750.0,5.92,1316.0,1254.0,71.193,84.4634,95.1,1.38,1.53,0.0
1995-03-01,5.4,340250.0,5.98,1249.0,1226.0,71.3113,84.3123,90.3,1.5,1.29,0.0
1995-04-01,5.8,350200.0,6.05,1267.0,1259.0,71.1882,83.8748,92.5,1.54,1.22,0.0
1995-05-01,5.6,370250.0,6.01,1314.0,1271.0,71.5378,83.9876,89.8,1.57,0.78,0.0
1995-06-01,5.6,366250.0,6.0,1281.0,1305.0,71.7749,83.9584,92.7,1.73,0.53,0.0
1995-07-01,5.7,371400.0,5.85,1461.0,1354.0,71.4748,83.2944,94.4,1.76,0.69,0.0
1995-08-01,5.7,356250.0,5.74,1416.0,1386.0,72.4223,84.0724,96.2,1.7,0.92,0.0
1995-09-01,5.6,362000.0,5.8,1369.0,1421.0,72.7144,84.0747,88.9,1.73,0.77,0.0
1995-10-01,5.5,371500.0,5.76,1369.0,1400.0,72.5866,83.58,90.2,1.71,0.6,0.0
1995-11-01,5.6,377000.0,5.8,1452.0,1430.0,72.7779,83.4429,88.2,1.75,0.41,0.0
1995-12-01,5.6,365000.0,5.6,1431.0,1442.0,73.0305,83.3654,91.0,1.78,0.42,0.0
1996-01-01,5.6,374000.0,5.56,1467.0,1387.0,72.6125,82.5158,89.3,1.82,0.5,0.0
1996-02-01,5.5,377250.0,5.22,1491.0,1420.0,73.6752,83.3451,88.5,1.82,0.85,0.0
1996-03-01,5.5,386400.0,5.31,1424.0,1437.0,73.585,82.8594,93.7,1.76,1.17,0.0
1996-04-01,5.6,359250.0,5.22,1516.0,1463.0,74.3172,83.2941,92.7,1.68,1.42,0.0
1996-05-01,5.6,344500.0,5.24,1504.0,1457.0,74.8726,83.5236,89.4,1.56,1.59,0.0
1996-06-01,5.3,342200.0,5.27,1467.0,1429.0,75.4433,83.7665,92.4,1.49,1.68,0.0
1996-07-01,5.5,337000.0,5.4,1472.0,1450.0,75.4549,83.3918,94.7,1.48,1.57,0.0
1996-08-01,5.1,331800.0,5.22,1557.0,1413.0,75.8411,83.4315,95.3,1.54,1.45,0.0
1996-09-01,5.2,342750.0,5.3,1475.0,1392.0,76.3158,83.564,94.7,1.52,1.59,0.0
1996-10-01,5.2,339000.0,5.24,1392.0,1358.0,76.3384,83.1973,96.5,1.54,1.41,0.0
1996-11-01,5.4,336400.0,5.31,1489.0,1412.0,77.0397,83.5622,99.2,1.59,1.03,0.0
1996-12-01,5.4,353500.0,5.29,1370.0,1411.0,77.5333,83.6933,96.9,1.59,1.26,0.0
1997-01-01,5.3,339000.0,5.25,1355.0,1382.0,77.6562,83.4262,97.4,1.51,1.41,0.0
1997-02-01,5.2,320750.0,5.19,1486.0,1445.0,78.5833,84.0084,99.7,1.52,1.28,0.0
1997-03-01,5.2,319400.0,5.39,1457.0,1436.0,79.082,84.12,100.0,1.49,1.41,0.0
1997-04-01,5.1,327000.0,5.51,1492.0,1421.0,79.1747,83.7916,101.4,1.45,1.59,0.0
1997-05-01,4.9,323800.0,5.5,1442.0,1414.0,79.6133,83.8144,103.2,1.49,1.51,0.0
1997-06-01,5.0,325500.0,5.56,1494.0,1402.0,79.9792,83.7402,104.5,1.53,1.42,0.0
1997-07-01,4.9,320250.0,5.52,1437.0,1440.0,80.6624,83.978,107.1,1.53,1.03,0.0
1997-08-01,4.8,330200.0,5.54,1390.0,1449.0,81.4694,84.3178,104.4,1.52,1.02,0.0
1997-09-01,4.9,315250.0,5.54,1546.0,1494.0,82.2156,84.5693,106.0,1.49,1.13,0.0
1997-10-01,4.7,310000.0,5.5,1520.0,1499.0,82.9446,84.7793,105.6,1.54,0.92,0.0
1997-11-01,4.6,314600.0,5.52,1510.0,1469.0,83.5978,84.8918,107.2,1.54,0.6,0.0
1997-12-01,4.7,313250.0,5.5,1566.0,1456.0,83.9538,84.692,102.1,1.51,0.51,0.0
1998-01-01,4.6,321200.0,5.56,1525.0,1555.0,84.3218,84.4984,106.6,1.65,0.36,0.0
1998-02-01,4.6,319000.0,5.51,1584.0,1647.0,84.4583,84.074,110.4,1.68,0.34,0.0
1998-03-01,4.7,315000.0,5.49,1567.0,1605.0,84.488,83.5488,106.5,1.67,0.49,0.0
1998-04-01,4.3,311000.0,5.45,1540.0,1547.0,84.7779,83.2923,108.7,1.69,0.56,0.0
1998-05-01,4.4,311200.0,5.49,1536.0,1554.0,85.3367,83.3136,106.5,1.65,0.51,0.0
1998-06-01,4.5,338000.0,5.56,1641.0,1551.0,84.8248,82.3151,105.6,1.63,0.38,0.0
1998-07-01,4.5,333000.0,5.54,1698.0,1610.0,84.4986,81.5396,105.2,1.69,0.37,0.0
1998-08-01,4.5,312600.0,5.55,1614.0,1654.0,86.248,82.7869,104.4,1.8,0.3,0.0
1998-09-01,4.6,304000.0,5.51,1582.0,1577.0,86.2021,82.3253,100.9,2.28,0.07,0.0
1998-10-01,4.5,310600.0,5.07,1715.0,1719.0,86.7914,82.4879,97.4,2.65,0.46,0.0
1998-11-01,4.4,316000.0,4.83,1660.0,1672.0,86.7256,82.0403,102.7,2.51,0.3,0.0
1998-12-01,4.4,316000.0,4.68,1792.0,1742.0,87.1185,82.0415,100.5,2.58,0.15,0.0
1999-01-01,4.3,326200.0,4.63,1748.0,1732.0,87.4949,82.0391,103.9,2.57,0.27,0.0
1999-02-01,4.4,301500.0,4.76,1670.0,1720.0,88.027,82.1916,108.1,2.39,0.44,0.0
1999-03-01,4.2,302750.0,4.81,1710.0,1665.0,88.2267,82.0452,105.7,2.3,0.66,0.0
1999-04-01,4.3,308500.0,4.74,1553.0,1600.0,88.4295,81.9153,104.6,2.3,0.77,0.0
1999-05-01,4.2,301600.0,4.74,1611.0,1640.0,88.9886,82.124,106.8,2.18,0.91,0.0
1999-06-01,4.3,294000.0,4.76,1559.0,1702.0,88.9188,81.7593,107.3,2.12,1.18,0.0
1999-07-01,4.3,298000.0,4.99,1669.0,1682.0,89.4333,81.9405,106.0,2.16,1.1,0.0
1999-08-01,4.2,290750.0,5.07,1648.0,1671.0,89.7924,81.9786,104.5,2.21,1.07,0.0
1999-09-01,4.2,289500.0,5.22,1635.0,1551.0,89.4299,81.3642,107.2,2.28,1.1,0.0
1999-10-01,4.1,290400.0,5.2,1608.0,1649.0,90.523,82.0771,103.2,2.27,1.09,0.0
1999-11-01,4.1,281750.0,5.42,1648.0,1672.0,90.9618,82.198,107.2,2.12,0.8,0.0
1999-12-01,4.0,278500.0,5.3,1708.0,1683.0,91.6634,82.5592,105.4,1.91,0.92,0.0
2000-01-01,4.0,288400.0,5.45,1636.0,1727.0,91.538,82.179,112.0,1.67,1.16,0.0
2000-02-01,4.1,293750.0,5.73,1737.0,1692.0,91.8239,82.1719,111.3,1.77,0.79,0.0
2000-03-01,4.0,274750.0,5.85,1604.0,1651.0,92.1504,82.2023,107.1,2.11,0.4,0.0
2000-04-01,3.8,271600.0,6.02,1626.0,1597.0,92.6989,82.4316,109.2,2.41,0.17,0.0
2000-05-01,4.0,282250.0,6.27,1575.0,1543.0,92.9499,82.3967,110.7,2.46,0.45,0.0
2000-06-01,4.0,291000.0,6.53,1559.0,1572.0,92.9862,82.1729,106.4,2.38,0.24,0.0
2000-07-01,4.0,295000.0,6.54,1463.0,1542.0,92.8048,81.7603,108.3,2.3,-0.09,0.0
2000-08-01,4.1,312750.0,6.5,1541.0,1552.0,92.5521,81.2857,107.3,2.43,-0.45,0.0
2000-09-01,3.9,300200.0,6.52,1507.0,1570.0,92.9792,81.4061,106.8,2.55,-0.38,0.0
2000-10-01,3.9,301000.0,6.51,1549.0,1577.0,92.6179,80.8334,105.8,2.6,-0.55,0.0
2000-11-01,3.9,334250.0,6.51,1551.0,1614.0,92.6438,80.5963,107.6,2.56,-0.64,0.0
2000-12-01,3.9,346000.0,6.4,1532.0,1543.0,92.3415,80.0735,98.4,2.78,-0.7,0.0
2001-01-01,4.2,340000.0,5.98,1600.0,1699.0,91.902,79.4332,94.7,2.77,-0.13,0.0
2001-02-01,4.2,371250.0,5.49,1625.0,1656.0,91.3034,78.6604,90.6,2.77,0.09,0.0
2001-03-01,4.3,387200.0,5.31,1590.0,1659.0,91.1162,78.2472,91.5,2.95,0.35,0.0
2001-04-01,4.4,396750.0,4.8,1649.0,1666.0,90.7891,77.7206,88.4,2.93,1.17,1.0
2001-05-01,4.3,394500.0,4.21,1605.0,1665.0,90.3555,77.1128,92.0,2.68,1.69,1.0
2001-06-01,4.5,397200.0,3.97,1636.0,1626.0,89.8784,76.4807,92.6,2.69,1.71,1.0
2001-07-01,4.6,398000.0,3.77,1670.0,1598.0,89.3028,75.7806,92.4,2.73,1.65,1.0
2001-08-01,4.9,398000.0,3.65,1567.0,1615.0,89.2003,75.4938,91.5,2.88,1.53,1.0
2001-09-01,5.0,435000.0,3.07,1562.0,1565.0,88.7485,74.9237,81.8,3.3,2.04,1.0
2001-10-01,5.3,480750.0,2.49,1540.0,1566.0,88.5052,74.5431,82.7,3.34,2.37,1.0
2001-11-01,5.5,447500.0,2.09,1602.0,1651.0,87.97,73.9318,83.9,3.16,2.74,1.0
2001-12-01,5.7,416800.0,1.82,1568.0,1680.0,87.9324,73.7552,88.8,2.96,3.37,0.0
2002-01-01,5.7,408500.0,1.73,1698.0,1665.0,88.5176,74.1161,93.0,2.83,3.36,0.0
2002-02-01,5.7,399000.0,1.74,1829.0,1787.0,88.5278,74.0132,90.7,2.98,3.15,0.0
2002-03-01,5.7,415400.0,1.73,1642.0,1691.0,89.1686,74.4558,95.7,2.83,3.45,0.0
2002-04-01,5.9,429250.0,1.75,1592.0,1669.0,89.604,74.7452,93.0,2.82,3.46,0.0
2002-05-01,5.8,409000.0,1.75,1764.0,1716.0,89.964,74.9894,96.9,2.93,3.4,0.0
2002-06-01,5.8,387200.0,1.75,1717.0,1758.0,90.7061,75.569,92.4,3.02,3.2,0.0
2002-07-01,5.8,386000.0,1.73,1655.0,1738.0,90.6769,75.5228,88.1,3.25,2.94,0.0
2002-08-01,5.7,393600.0,1.74,1633.0,1695.0,90.5762,75.4317,87.6,3.32,2.61,0.0
2002-09-01,5.7,409500.0,1.75,1804.0,1803.0,90.6531,75.4995,86.1,3.53,2.21,0.0
2002-10-01,5.7,407500.0,1.75,1648.0,1799.0,90.4643,75.3553,80.6,3.79,2.33,0.0
2002-11-01,5.9,392200.0,1.34,1753.0,1771.0,90.9711,75.8001,84.2,3.57,2.8,0.0
2002-12-01,6.0,414250.0,1.24,1788.0,1896.0,90.4652,75.4073,86.7,3.42,2.82,0.0
2003-01-01,5.8,395000.0,1.24,1853.0,1808.0,91.2361,76.0829,82.4,3.3,2.86,0.0
2003-02-01,5.9,411000.0,1.26,1629.0,1854.0,91.3445,76.2008,79.9,3.16,2.71,0.0
2003-03-01,5.9,427400.0,1.25,1726.0,1757.0,91.1044,76.0272,77.6,3.14,2.66,0.0
2003-04-01,6.0,436250.0,1.26,1643.0,1803.0,90.5617,75.6028,86.0,2.89,2.81,0.0
2003-05-01,6.1,424000.0,1.26,1751.0,1835.0,90.537,75.6099,92.1,2.81,2.48,0.0
2003-06-01,6.3,421750.0,1.22,1867.0,1875.0,90.6527,75.7311,89.7,2.86,2.39,0.0
2003-07-01,6.2,411500.0,1.01,1897.0,1885.0,91.1185,76.1369,90.9,2.64,3.06,0.0
2003-08-01,6.1,400200.0,1.03,1833.0,1966.0,90.9197,75.9832,89.3,2.56,3.48,0.0
2003-09-01,6.1,395500.0,1.01,1939.0,1961.0,91.5059,76.483,87.7,2.52,3.31,0.0
2003-10-01,6.0,382000.0,1.01,1967.0,2012.0,91.6186,76.5884,89.6,2.44,3.35,0.0
2003-11-01,5.8,363000.0,1.0,2083.0,1918.0,92.2329,77.1135,93.7,2.36,3.35,0.0
2003-12-01,5.7,358250.0,0.98,2057.0,1987.0,92.2602,77.1489,92.6,2.33,3.36,0.0
2004-01-01,5.7,360200.0,1.0,1911.0,1952.0,92.4006,77.2806,103.8,2.29,3.25,0.0
2004-02-01,5.6,360750.0,1.01,1846.0,1966.0,92.958,77.7639,94.4,2.19,3.14,0.0
2004-03-01,5.8,342000.0,1.0,1998.0,2066.0,92.5861,77.4721,95.8,2.28,2.88,0.0
2004-04-01,5.6,348250.0,1.0,2003.0,2070.0,92.93,77.7807,94.2,2.11,3.39,0.0
2004-05-01,5.6,336200.0,1.0,1981.0,2150.0,93.6013,78.3623,90.2,2.03,3.68,0.0
2004-06-01,5.6,349000.0,1.03,1828.0,2020.0,92.871,77.7669,95.6,2.05,3.44,0.0
2004-07-01,5.5,343000.0,1.26,2002.0,2112.0,93.5649,78.3594,96.7,2.12,3.14,0.0
2004-08-01,5.4,340750.0,1.43,2024.0,2056.0,93.6277,78.4167,95.9,2.18,2.78,0.0
2004-09-01,5.4,337250.0,1.61,1905.0,2041.0,93.7467,78.5109,94.2,2.14,2.45,0.0
2004-10-01,5.5,334000.0,1.76,2072.0,2097.0,94.5465,79.1635,91.7,2.11,2.31,0.0
2004-11-01,5.4,328750.0,1.93,1782.0,2079.0,94.7813,79.3296,92.8,2.01,2.08,0.0
2004-12-01,5.4,325250.0,2.16,2042.0,2082.0,95.5365,79.9179,97.1,1.92,2.01,0.0
2005-01-01,5.3,343400.0,2.28,2144.0,2139.0,95.8801,80.1494,95.5,1.8,1.85,0.0
2005-02-01,5.4,311750.0,2.5,2207.0,2114.0,96.5761,80.6584,94.1,1.65,1.59,0.0
2005-03-01,5.2,332000.0,2.63,1864.0,2062.0,96.4456,80.4638,92.6,1.56,1.7,0.0
2005-04-01,5.2,323200.0,2.79,2061.0,2150.0,96.6532,80.5421,87.7,1.71,1.5,0.0
2005-05-01,5.1,327000.0,3.0,2025.0,2085.0,96.7402,80.5094,86.9,1.87,1.24,0.0
2005-06-01,5.0,325750.0,3.04,2068.0,2178.0,97.1753,80.7567,96.0,1.86,0.96,0.0
2005-07-01,5.0,324400.0,3.26,2054.0,2203.0,96.8676,80.3802,96.5,1.77,0.89,0.0
2005-08-01,4.9,315750.0,3.5,2095.0,2219.0,97.1833,80.5172,89.1,1.7,0.74,0.0
2005-09-01,5.0,382750.0,3.62,2151.0,2263.0,95.3005,78.8319,76.9,1.83,0.71,0.0
2005-10-01,5.0,352200.0,3.78,2065.0,2170.0,96.4572,79.6607,74.2,1.84,0.67,0.0
2005-11-01,5.0,317250.0,4.0,2147.0,2218.0,97.5414,80.426,81.6,1.85,0.57,0.0
2005-12-01,4.9,316400.0,4.16,1994.0,2120.0,98.0452,80.7109,91.5,1.85,0.5,0.0
2006-01-01,4.7,295750.0,4.29,2273.0,2212.0,98.1999,80.7078,91.2,1.82,0.08,0.0
2006-02-01,4.8,290750.0,4.49,2119.0,2141.0,98.2413,80.6111,86.7,1.7,0.03,0.0
2006-03-01,4.7,301750.0,4.59,1969.0,2118.0,98.4628,80.6609,88.9,1.69,0.09,0.0
2006-04-01,4.7,303600.0,4.79,1821.0,1998.0,98.7618,80.7713,87.4,1.69,0.27,0.0
2006-05-01,4.6,332750.0,4.94,1942.0,1905.0,98.7869,80.6521,79.1,1.64,0.27,0.0
2006-06-01,4.6,305500.0,4.99,1802.0,1867.0,99.0997,80.7601,84.9,1.67,0.19,0.0
2006-07-01,4.7,318800.0,5.24,1737.0,1763.0,99.0489,80.5643,84.7,1.67,0.01,0.0
2006-08-01,4.7,314250.0,5.25,1650.0,1722.0,99.4836,80.754,82.0,1.71,-0.21,0.0
2006-09-01,4.5,316200.0,5.25,1720.0,1655.0,99.3183,80.4492,85.4,1.71,-0.21,0.0
2006-10-01,4.4,315500.0,5.25,1491.0,1570.0,99.2044,80.1804,93.6,1.69,-0.32,0.0
2006-11-01,4.5,326250.0,5.25,1570.0,1535.0,99.1627,79.9663,92.1,1.6,-0.47,0.0
2006-12-01,4.4,324000.0,5.24,1649.0,1638.0,100.1735,80.5985,91.7,1.66,-0.41,0.0
2007-01-01,4.6,317250.0,5.25,1409.0,1626.0,99.8346,80.1452,96.9,1.58,-0.35,0.0
2007-02-01,4.5,322750.0,5.26,1480.0,1598.0,100.7753,80.7218,91.3,1.56,-0.44,0.0
2007-03-01,4.4,309400.0,5.26,1495.0,1596.0,100.9547,80.6932,88.4,1.71,-0.52,0.0
2007-04-01,4.5,320250.0,5.25,1490.0,1470.0,101.6334,81.0737,87.1,1.7,-0.32,0.0
2007-05-01,4.4,304250.0,5.25,1415.0,1493.0,101.7306,81.0044,88.3,1.64,-0.12,0.0
2007-06-01,4.6,315200.0,5.25,1448.0,1407.0,101.7893,80.9238,85.3,1.6,0.36,0.0
2007-07-01,4.7,313250.0,5.26,1354.0,1361.0,101.6672,80.7255,90.4,1.65,0.04,0.0
2007-08-01,4.6,320000.0,5.02,1330.0,1321.0,101.863,80.8082,83.4,1.98,0.35,0.0
2007-09-01,4.7,313400.0,4.94,1183.0,1261.0,102.0894,80.9387,83.4,2.07,0.53,0.0
2007-10-01,4.7,328250.0,4.76,1264.0,1192.0,101.8015,80.6837,80.9,1.95,0.53,0.0
2007-11-01,4.7,336000.0,4.49,1197.0,1224.0,102.3446,81.1065,76.1,2.25,0.8,0.0
2007-12-01,5.0,348200.0,4.24,1037.0,1149.0,102.3803,81.1425,75.5,2.55,1.03,0.0
2008-01-01,5.0,338750.0,3.94,1084.0,1094.0,102.2448,81.0549,78.4,2.8,0.92,1.0
2008-02-01,4.9,346750.0,2.98,1103.0,1014.0,101.8438,80.7602,70.8,3.08,1.57,1.0
2008-03-01,5.1,363400.0,2.61,1005.0,967.0,101.5336,80.5381,69.5,3.38,2.23,1.0
2008-04-01,5.0,359500.0,2.28,1013.0,1008.0,100.8785,80.0376,62.6,3.29,2.37,1.0
2008-05-01,5.4,366800.0,1.98,973.0,995.0,100.2674,79.5579,59.8,3.05,2.12,1.0
2008-06-01,5.6,383250.0,2.0,1046.0,1180.0,100.0335,79.3571,56.4,2.97,2.21,1.0
2008-07-01,5.8,398000.0,2.01,923.0,921.0,99.676,79.0325,61.2,3.15,2.35,1.0
2008-08-01,6.1,433000.0,2.0,844.0,858.0,98.1111,77.7251,63.0,3.26,2.14,1.0
2008-09-01,6.1,464000.0,1.81,820.0,797.0,93.7895,74.2216,70.3,3.62,2.54,1.0
2008-10-01,6.5,475250.0,0.97,777.0,736.0,94.7219,74.8669,57.6,5.07,3.12,1.0
2008-11-01,6.8,519800.0,0.39,652.0,626.0,93.4715,73.782,55.3,5.68,3.34,1.0
2008-12-01,7.3,564000.0,0.16,560.0,554.0,90.8357,71.607,60.1,6.01,2.39,1.0
2009-01-01,7.8,572000.0,0.15,490.0,545.0,88.57,69.7304,61.2,5.62,2.39,1.0
2009-02-01,8.3,644000.0,0.22,582.0,558.0,88.031,69.2326,56.3,5.21,2.57,1.0
2009-03-01,8.7,659250.0,0.18,505.0,513.0,86.6528,68.0889,57.3,5.6,2.6,1.0
2009-04-01,9.0,627750.0,0.15,478.0,521.0,85.9344,67.4762,65.1,5.46,2.77,1.0
2009-05-01,9.4,612000.0,0.18,540.0,556.0,85.0665,66.7676,68.7,4.77,3.11,1.0
2009-06-01,9.5,598250.0,0.21,585.0,601.0,84.7459,66.5138,70.8,3.78,3.54,1.0
2009-07-01,9.5,566500.0,0.16,594.0,595.0,85.7027,67.29,66.0,3.53,3.38,0.0
2009-08-01,9.6,559200.0,0.16,586.0,616.0,86.6426,68.0795,65.7,2.99,3.42,0.0
2009-09-01,9.8,547500.0,0.15,585.0,609.0,87.4063,68.7549,73.5,2.91,3.28,0.0
2009-10-01,10.0,525400.0,0.12,534.0,583.0,87.6419,69.0357,70.6,2.9,3.32,0.0
2009-11-01,9.9,494000.0,0.12,588.0,623.0,88.0221,69.447,67.4,2.92,3.35,0.0
2009-12-01,9.9,485500.0,0.12,581.0,664.0,88.3793,69.8541,72.5,2.78,3.54,0.0
2010-01-01,9.8,479800.0,0.11,614.0,636.0,89.3426,70.7532,74.4,2.52,3.67,0.0
2010-02-01,9.8,485750.0,0.13,604.0,650.0,89.6779,71.1612,73.6,2.65,3.58,0.0
2010-03-01,9.9,470250.0,0.16,636.0,687.0,90.2928,71.7964,73.6,2.54,3.58,0.0
2010-04-01,9.9,469000.0,0.2,687.0,637.0,90.5991,72.1905,72.2,2.4,3.69,0.0
2010-05-01,9.6,459400.0,0.2,583.0,575.0,91.823,73.3146,73.6,2.63,3.26,0.0
2010-06-01,9.4,460500.0,0.18,536.0,587.0,91.9928,73.5918,76.0,3.03,3.08,0.0
2010-07-01,9.4,459200.0,0.18,546.0,579.0,92.3421,74.0009,67.8,3.0,2.85,0.0
2010-08-01,9.5,475000.0,0.19,599.0,580.0,92.6805,74.3883,68.9,2.96,2.54,0.0
2010-09-01,9.5,453500.0,0.19,594.0,563.0,92.9537,74.7076,68.2,3.01,2.5,0.0
2010-10-01,9.4,446800.0,0.19,543.0,558.0,92.6903,74.58,67.7,3.18,2.41,0.0
2010-11-01,9.8,426250.0,0.19,545.0,560.0,92.7709,74.7131,71.6,3.16,2.62,0.0
2010-12-01,9.3,420250.0,0.18,539.0,632.0,93.6787,75.4968,74.5,2.81,3.15,0.0
2011-01-01,9.1,426800.0,0.17,630.0,576.0,93.4814,75.3741,74.2,2.7,3.24,0.0
2011-02-01,9.0,401500.0,0.16,517.0,542.0,93.1102,75.0928,77.5,2.57,3.45,0.0
2011-03-01,9.0,406000.0,0.14,600.0,583.0,94.0788,75.8747,67.5,2.62,3.31,0.0
2011-04-01,9.1,420600.0,0.1,554.0,581.0,93.7749,75.6127,69.8,2.56,3.4,0.0
2011-05-01,9.0,422500.0,0.09,561.0,618.0,93.888,75.6684,74.3,2.61,3.13,0.0
2011-06-01,9.1,418250.0,0.09,608.0,636.0,94.172,75.8425,71.5,2.75,2.96,0.0
2011-07-01,9.0,412600.0,0.07,623.0,621.0,94.636,76.1431,63.7,2.76,2.96,0.0
2011-08-01,9.0,409500.0,0.1,585.0,647.0,95.2749,76.5667,55.8,3.06,2.28,0.0
2011-09-01,9.0,417750.0,0.08,650.0,610.0,95.1961,76.3992,59.5,3.29,1.97,0.0
2011-10-01,8.8,402400.0,0.07,610.0,671.0,95.8568,76.8123,60.8,3.22,2.13,0.0
2011-11-01,8.6,389250.0,0.08,711.0,706.0,95.8485,76.6783,63.7,3.13,2.0,0.0
2011-12-01,8.5,377000.0,0.07,694.0,697.0,96.3571,76.9495,69.9,3.27,1.97,0.0
2012-01-01,8.3,377750.0,0.08,723.0,712.0,96.9318,77.2652,75.0,3.26,1.94,0.0
2012-02-01,8.3,363250.0,0.1,704.0,738.0,97.2435,77.3673,75.3,3.17,1.88,0.0
2012-03-01,8.2,366600.0,0.13,695.0,806.0,96.74,76.8194,76.2,3.06,2.09,0.0
2012-04-01,8.2,381750.0,0.14,753.0,732.0,97.4359,77.2234,76.4,3.14,1.97,0.0
2012-05-01,8.2,373500.0,0.16,708.0,796.0,97.6609,77.2546,79.3,3.27,1.71,0.0
2012-06-01,8.2,379200.0,0.16,757.0,794.0,97.6663,77.1149,73.2,3.4,1.53,0.0
2012-07-01,8.2,372500.0,0.16,740.0,849.0,97.8713,77.1372,72.3,3.34,1.43,0.0
2012-08-01,8.1,373250.0,0.13,754.0,840.0,97.4525,76.672,74.3,3.23,1.58,0.0
2012-09-01,7.8,381800.0,0.14,847.0,930.0,97.381,76.4846,78.3,3.12,1.61,0.0
2012-10-01,7.8,368500.0,0.16,915.0,887.0,97.7193,76.6227,82.6,2.83,1.65,0.0
2012-11-01,7.7,401250.0,0.16,833.0,917.0,98.0777,76.78,82.7,2.86,1.56,0.0
2012-12-01,7.9,359000.0,0.16,976.0,941.0,98.3101,76.8435,72.9,2.91,1.65,0.0
2013-01-01,8.0,353000.0,0.14,888.0,940.0,98.3342,76.7502,73.8,2.82,1.84,0.0
2013-02-01,7.7,353000.0,0.15,962.0,980.0,98.7941,77.0029,77.6,2.87,1.88,0.0
2013-03-01,7.5,351800.0,0.14,1010.0,936.0,99.1921,77.2135,78.6,2.89,1.87,0.0
2013-04-01,7.6,347250.0,0.15,835.0,1012.0,99.1065,77.0553,76.4,2.83,1.7,0.0
2013-05-01,7.5,347750.0,0.11,930.0,1003.0,99.1839,77.0307,84.5,2.8,1.89,0.0
2013-06-01,7.5,344600.0,0.09,839.0,942.0,99.3897,77.1119,84.1,2.89,2.25,0.0
2013-07-01,7.3,346000.0,0.09,880.0,997.0,99.0814,76.8008,85.1,2.74,2.54,0.0
2013-08-01,7.2,333400.0,0.08,917.0,964.0,99.6543,77.1772,82.1,2.68,2.7,0.0
2013-09-01,7.2,314000.0,0.08,850.0,1004.0,100.161,77.5046,77.5,2.66,2.79,0.0
2013-10-01,7.2,358500.0,0.09,925.0,1044.0,100.082,77.3802,73.2,2.69,2.57,0.0
2013-11-01,6.9,328200.0,0.08,1100.0,1029.0,100.3158,77.4988,75.1,2.66,2.65,0.0
2013-12-01,6.7,346000.0,0.09,1002.0,1005.0,100.5175,77.5927,82.5,2.48,2.83,0.0
2014-01-01,6.6,326750.0,0.07,888.0,976.0,100.1599,77.254,81.2,2.33,2.82,0.0
2014-02-01,6.7,335250.0,0.07,944.0,1039.0,100.9168,77.7747,81.6,2.39,2.66,0.0
2014-03-01,6.7,321000.0,0.08,970.0,1067.0,101.8942,78.4628,80.0,2.34,2.67,0.0
2014-04-01,6.2,322750.0,0.09,1043.0,1090.0,101.9928,78.4705,84.1,2.19,2.68,0.0
2014-05-01,6.3,313800.0,0.09,1007.0,1018.0,102.3836,78.6999,81.9,2.2,2.53,0.0
2014-06-01,6.1,313500.0,0.1,911.0,1010.0,102.735,78.8952,82.5,2.2,2.56,0.0
2014-07-01,6.2,301750.0,0.09,1085.0,1076.0,102.9632,78.9933,81.8,2.19,2.51,0.0
2014-08-01,6.1,302000.0,0.09,984.0,1047.0,102.7688,78.7669,82.5,2.27,2.39,0.0
2014-09-01,5.9,295000.0,0.09,1023.0,1077.0,103.0641,78.9218,84.6,2.27,2.51,0.0
2014-10-01,5.7,288750.0,0.09,1074.0,1094.0,103.0764,78.8663,86.9,2.39,2.28,0.0
2014-11-01,5.8,291600.0,0.09,1001.0,1059.0,103.7126,79.2962,88.8,2.46,2.31,0.0
2014-12-01,5.6,284500.0,0.12,1073.0,1072.0,103.7044,79.2419,93.6,2.53,2.18,0.0
2015-01-01,5.7,287600.0,0.11,1085.0,1049.0,102.8905,78.5803,98.1,2.57,1.85,0.0
2015-02-01,5.5,301250.0,0.11,886.0,1127.0,102.2335,78.055,95.4,2.53,1.96,0.0
2015-03-01,5.4,284000.0,0.11,960.0,1072.0,101.8914,77.7804,93.0,2.5,2.01,0.0
2015-04-01,5.4,286000.0,0.12,1190.0,1166.0,101.3355,77.3487,95.9,2.54,1.92,0.0
2015-05-01,5.6,274000.0,0.12,1079.0,1272.0,100.8883,77.0092,90.7,2.69,2.18,0.0
2015-06-01,5.3,273750.0,0.13,1205.0,1379.0,100.571,76.7774,96.1,2.77,2.34,0.0
2015-07-01,5.2,277750.0,0.13,1146.0,1140.0,101.2228,77.2924,93.1,2.88,2.29,0.0
2015-08-01,5.1,275200.0,0.14,1130.0,1165.0,101.0367,77.1715,91.9,3.02,2.1,0.0
2015-09-01,5.0,269500.0,0.14,1224.0,1144.0,100.7547,76.9791,87.2,3.17,2.15,0.0
2015-10-01,5.0,267000.0,0.12,1058.0,1160.0,100.2675,76.6282,90.0,3.27,2.05,0.0
2015-11-01,5.1,268500.0,0.12,1172.0,1244.0,99.5298,76.0819,91.3,3.2,2.13,0.0
2015-12-01,5.0,271000.0,0.24,1146.0,1211.0,99.0417,75.7214,92.6,3.22,2.01,0.0
2016-01-01,4.8,279600.0,0.34,1092.0,1171.0,99.5607,76.1248,92.0,3.36,1.83,0.0
2016-02-01,4.9,266750.0,0.38,1225.0,1172.0,99.0445,75.7291,91.7,3.56,1.47,0.0
2016-03-01,5.0,263250.0,0.36,1111.0,1118.0,98.3096,75.1587,91.0,3.24,1.59,0.0
2016-04-01,5.1,266000.0,0.37,1163.0,1160.0,98.6421,75.3969,89.0,2.98,1.58,0.0
2016-05-01,4.8,274500.0,0.37,1148.0,1205.0,98.4184,75.2034,94.7,2.87,1.53,0.0
2016-06-01,4.9,265250.0,0.38,1203.0,1208.0,98.8833,75.5298,93.5,2.89,1.37,0.0
2016-07-01,4.8,259400.0,0.39,1239.0,1198.0,98.9992,75.5839,90.0,2.72,1.2,0.0
2016-08-01,4.9,263500.0,0.4,1171.0,1201.0,98.85,75.432,89.8,2.68,1.26,0.0
2016-09-01,5.0,251500.0,0.4,1068.0,1303.0,98.7457,75.3145,91.2,2.68,1.34,0.0
2016-10-01,4.9,255800.0,0.4,1313.0,1254.0,98.7611,75.2918,87.2,2.62,1.43,0.0
2016-11-01,4.7,245750.0,0.41,1140.0,1230.0,98.3491,74.9498,93.8,2.57,1.69,0.0
2016-12-01,4.7,252200.0,0.54,1252.0,1248.0,99.0214,75.4424,98.2,2.34,1.98,0.0
2017-01-01,4.7,244000.0,0.65,1190.0,1303.0,98.7611,75.2339,98.5,2.23,1.91,0.0
2017-02-01,4.6,230250.0,0.66,1271.0,1234.0,98.3646,74.9346,96.3,2.22,1.89,0.0
2017-03-01,4.4,233750.0,0.79,1190.0,1272.0,99.0137,75.4439,96.9,2.2,1.73,0.0
2017-04-01,4.4,227800.0,0.9,1146.0,1251.0,100.0224,76.2392,97.0,2.27,1.49,0.0
2017-05-01,4.4,239000.0,0.91,1157.0,1208.0,100.1408,76.368,97.1,2.25,1.4,0.0
2017-06-01,4.3,248000.0,1.04,1249.0,1353.0,100.3471,76.5758,95.0,2.18,1.19,0.0
2017-07-01,4.3,250800.0,1.15,1206.0,1256.0,100.1068,76.4534,93.4,2.07,1.23,0.0
2017-08-01,4.4,247750.0,1.16,1159.0,1319.0,99.6925,76.2067,96.8,2.1,1.18,0.0
2017-09-01,4.3,272400.0,1.15,1181.0,1273.0,99.7954,76.3591,95.1,2.1,1.15,0.0
2017-10-01,4.2,242250.0,1.15,1257.0,1356.0,101.0247,77.3753,100.7,1.96,1.27,0.0
2017-11-01,4.2,247750.0,1.16,1273.0,1299.0,101.2664,77.6337,98.5,1.92,1.1,0.0
2017-12-01,4.1,242600.0,1.3,1177.0,1311.0,101.4644,77.8538,95.9,1.82,1.06,0.0
2018-01-01,4.0,235250.0,1.41,1299.0,1317.0,101.4625,77.9138,95.7,1.68,1.15,0.0
2018-02-01,4.1,221000.0,1.42,1277.0,1321.0,101.7085,78.1508,99.7,1.65,1.27,0.0
2018-03-01,4.0,225800.0,1.51,1318.0,1385.0,102.2067,78.5697,101.4,1.8,1.11,0.0
2018-04-01,4.0,221500.0,1.69,1276.0,1378.0,103.3329,79.4597,98.8,1.8,1.08,0.0
2018-05-01,3.8,221250.0,1.7,1357.0,1338.0,102.4024,78.7526,98.0,1.85,1.08,0.0
2018-06-01,4.0,222600.0,1.82,1192.0,1345.0,103.198,79.356,98.2,1.92,0.97,0.0
2018-07-01,3.8,209500.0,1.91,1208.0,1334.0,103.3646,79.4588,97.9,1.9,0.9,0.0
2018-08-01,3.8,208500.0,1.91,1288.0,1273.0,104.0327,79.9322,96.2,1.88,0.82,0.0
2018-09-01,3.7,205200.0,1.95,1250.0,1314.0,104.1004,79.9314,100.1,1.88,0.83,0.0
2018-10-01,3.8,213000.0,2.19,1221.0,1272.0,103.9856,79.7802,98.6,1.92,0.86,0.0
2018-11-01,3.8,225250.0,2.2,1181.0,1340.0,104.0681,79.7722,97.5,2.1,0.75,0.0
2018-12-01,3.9,224600.0,2.27,1095.0,1317.0,104.0936,79.7142,98.3,2.3,0.42,0.0
2019-01-01,4.0,222750.0,2.4,1226.0,1254.0,103.4021,79.1024,91.2,2.41,0.29,0.0
2019-02-01,3.8,222500.0,2.4,1121.0,1286.0,102.8371,78.5877,93.8,2.27,0.24,0.0
2019-03-01,3.8,211800.0,2.41,1191.0,1295.0,102.8757,78.5337,98.4,2.27,0.12,0.0
2019-04-01,3.7,209750.0,2.42,1272.0,1322.0,102.274,77.9898,97.2,2.17,0.1,0.0
2019-05-01,3.6,218500.0,2.39,1293.0,1347.0,102.392,77.9962,100.0,2.23,0.0,0.0
2019-06-01,3.6,225200.0,2.38,1243.0,1299.0,102.4375,77.9493,98.2,2.39,-0.15,0.0
2019-07-01,3.7,208500.0,2.4,1240.0,1379.0,101.9408,77.4935,98.4,2.22,-0.08,0.0
2019-08-01,3.6,211000.0,2.13,1375.0,1482.0,102.639,77.9497,89.8,2.24,-0.36,0.0
2019-09-01,3.5,209500.0,2.04,1311.0,1469.0,102.2917,77.6205,93.2,2.21,-0.23,0.0
2019-10-01,3.6,212250.0,1.83,1325.0,1523.0,101.4281,76.9099,95.5,2.21,0.03,0.0
2019-11-01,3.6,224400.0,1.55,1353.0,1535.0,101.9372,77.252,96.8,2.13,0.24,0.0
2019-12-01,3.6,236000.0,1.55,1548.0,1443.0,101.7003,77.0416,99.3,2.02,0.29,0.0
2020-01-01,3.6,215500.0,1.55,1581.0,1490.0,101.0338,76.519,99.8,2.01,0.21,0.0
2020-02-01,3.5,210200.0,1.58,1549.0,1461.0,101.3735,76.7764,101.0,2.11,-0.04,0.0
2020-03-01,4.4,2335250.0,0.65,1266.0,1351.0,97.4078,73.7887,89.1,3.42,0.57,1.0
2020-04-01,14.8,4663250.0,0.05,936.0,1079.0,84.5619,64.0847,71.8,3.47,0.52,1.0
2020-05-01,13.2,2173400.0,0.05,1039.0,1251.0,85.9604,65.1874,72.3,3.28,0.54,0.0
2020-06-01,11.0,1490250.0,0.08,1266.0,1333.0,91.5934,69.5218,78.1,2.91,0.57,0.0
2020-07-01,10.2,1383500.0,0.09,1526.0,1539.0,95.0256,72.2103,72.5,2.69,0.49,0.0
2020-08-01,8.4,922400.0,0.1,1396.0,1534.0,95.9549,73.0192,74.1,2.62,0.55,0.0
2020-09-01,7.8,851750.0,0.09,1473.0,1650.0,95.9669,73.1451,80.4,2.68,0.57,0.0
2020-10-01,6.9,795400.0,0.09,1543.0,1612.0,96.7394,73.8636,81.8,2.65,0.69,0.0
2020-11-01,6.7,751250.0,0.09,1543.0,1692.0,97.0816,74.2637,76.9,2.43,0.78,0.0
2020-12-01,6.7,836750.0,0.09,1614.0,1755.0,98.363,75.3903,80.7,2.23,0.84,0.0
2021-01-01,6.4,827800.0,0.09,1624.0,1856.0,98.8822,75.9401,79.0,2.16,1.0,0.0
2021-02-01,6.2,755000.0,0.08,1398.0,1703.0,95.6149,73.5725,76.8,2.16,1.22,0.0
2021-03-01,6.1,669250.0,0.07,1688.0,1756.0,98.3856,75.8472,84.9,2.13,1.58,0.0
2021-04-01,6.1,589000.0,0.07,1489.0,1710.0,98.5587,76.1216,88.3,1.97,1.61,0.0
2021-05-01,5.8,469200.0,0.06,1600.0,1705.0,99.4333,76.931,82.9,2.0,1.6,0.0
2021-06-01,5.9,409500.0,0.08,1664.0,1662.0,99.7987,77.3367,85.5,1.92,1.48,0.0
2021-07-01,5.4,370000.0,0.1,1600.0,1666.0,100.2519,77.7972,81.2,1.92,1.27,0.0
2021-08-01,5.1,359750.0,0.09,1596.0,1740.0,100.0437,77.7308,70.3,1.96,1.23,0.0
2021-09-01,4.7,354750.0,0.08,1576.0,1649.0,98.8579,76.8871,72.8,1.86,1.33,0.0
2021-10-01,4.5,284400.0,0.08,1587.0,1699.0,100.1861,77.9838,71.7,1.77,1.53,0.0
2021-11-01,4.1,236500.0,0.08,1707.0,1770.0,100.8654,78.562,67.4,1.72,1.51,0.0
2021-12-01,3.9,216250.0,0.08,1711.0,1886.0,100.5726,78.3687,70.6,1.84,1.4,0.0
2022-01-01,4.0,239200.0,0.08,1693.0,1923.0,100.1856,78.088,67.2,1.82,1.61,0.0
2022-02-01,3.9,219000.0,0.08,1730.0,1846.0,100.8064,78.5777,62.8,2.04,1.62,0.0
2022-03-01,3.7,215000.0,0.2,1700.0,1899.0,101.3907,79.0253,59.4,2.16,1.68,0.0
2022-04-01,3.7,213000.0,0.33,1807.0,1849.0,101.44,79.0418,65.2,1.91,1.99,0.0
2022-05-01,3.6,209750.0,0.77,1546.0,1711.0,101.3335,78.9224,58.4,2.22,1.91,0.0
2022-06-01,3.6,212500.0,1.21,1556.0,1726.0,101.018,78.6259,50.0,2.13,1.6,0.0
2022-07-01,3.5,218200.0,1.68,1382.0,1707.0,101.223,78.7204,51.5,2.31,0.6,0.0
2022-08-01,3.6,216500.0,2.33,1532.0,1565.0,101.0963,78.5438,58.2,2.25,0.18,0.0
2022-09-01,3.5,197500.0,2.56,1481.0,1586.0,101.2918,78.6087,58.6,2.17,0.3,0.0
2022-10-01,3.6,202600.0,3.08,1446.0,1583.0,101.2529,78.4843,59.9,2.28,0.11,0.0
2022-11-01,3.6,210750.0,3.78,1434.0,1424.0,100.9552,78.1544,56.7,2.18,-0.43,0.0
2022-12-01,3.5,208200.0,4.1,1296.0,1398.0,99.7664,77.1334,59.8,1.97,-0.74,0.0
2023-01-01,3.5,204500.0,4.33,1358.0,1418.0,100.505,77.601,64.9,1.97,-1.16,0.0
2023-02-01,3.6,214750.0,4.57,1395.0,1605.0,100.6416,77.6078,66.9,1.84,-1.04,0.0
2023-03-01,3.5,229000.0,4.65,1366.0,1472.0,101.0205,77.8036,62.0,2.05,-1.2,0.0
2023-04-01,3.4,216400.0,4.83,1343.0,1482.0,101.253,77.888,63.7,2.07,-1.61,0.0
2023-05-01,3.6,226000.0,5.06,1609.0,1579.0,100.9286,77.5496,59.0,2.2,-1.74,0.0
2023-06-01,3.6,250750.0,5.08,1420.0,1447.0,100.1196,76.8467,64.2,2.0,-1.67,0.0
2023-07-01,3.5,235200.0,5.12,1464.0,1530.0,100.9067,77.3773,71.5,1.84,-1.59,0.0
2023-08-01,3.7,245000.0,5.33,1321.0,1596.0,100.8393,77.2588,69.4,1.85,-1.39,0.0
2023-09-01,3.7,218600.0,5.33,1369.0,1530.0,101.0211,77.3375,67.8,1.78,-1.18,0.0
2023-10-01,3.9,210250.0,5.33,1380.0,1524.0,100.4689,76.859,63.8,1.83,-0.8,0.0
2023-11-01,3.7,218000.0,5.33,1522.0,1513.0,100.8639,77.1081,61.3,1.79,-1.02,0.0
2023-12-01,3.8,207800.0,5.33,1504.0,1501.0,100.6031,76.858,69.7,1.62,-1.42,0.0
2024-01-01,3.7,211500.0,5.33,1378.0,1548.0,99.2223,75.7542,79.0,1.62,-1.39,0.0
2024-02-01,3.9,210000.0,5.33,1555.0,1570.0,100.285,76.5157,76.9,1.56,-1.23,0.0
2024-03-01,3.9,215200.0,5.33,1297.0,1477.0,100.4575,76.5964,79.4,1.54,-1.26,0.0
2024-04-01,3.9,210250.0,5.33,1379.0,1456.0,100.2434,76.3803,77.2,1.46,-0.9,0.0
2024-05-01,3.9,222000.0,5.33,1329.0,1405.0,100.863,76.7961,69.1,1.47,-0.97,0.0
2024-06-01,4.1,234800.0,5.33,1318.0,1459.0,100.894,76.7586,68.2,1.51,-1.2,0.0
2024-07-01,4.2,237250.0,5.33,1269.0,1448.0,99.9757,75.9946,66.4,1.59,-1.18,0.0
2024-08-01,4.2,230600.0,5.33,1394.0,1492.0,100.4309,76.2697,67.9,1.73,-1.43,0.0
2024-09-01,4.1,224500.0,5.13,1357.0,1421.0,99.8084,75.7216,70.1,1.7,-1.2,0.0
2024-10-01,4.1,236250.0,4.83,1370.0,1435.0,99.4695,75.3852,70.5,1.53,-0.62,0.0
2024-11-01,4.2,219200.0,4.64,1300.0,1512.0,99.2925,75.1681,71.8,1.42,-0.26,0.0
2024-12-01,4.1,222750.0,4.48,1494.0,1467.0,100.3273,75.8651,74.0,1.41,0.0,0.0
2025-01-01,4.0,215000.0,4.33,1353.0,1463.0,100.0647,75.5781,71.7,1.45,0.29,0.0
2025-02-01,4.2,225000.0,4.33,1491.0,1446.0,101.0993,76.2685,64.7,1.47,0.12,0.0
2025-03-01,4.2,223000.0,4.33,1346.0,1492.0,101.0404,76.1318,57.0,1.65,-0.06,0.0
2025-04-01,4.2,225750.0,4.33,1400.0,1445.0,101.1279,76.1048,52.2,1.9,-0.04,0.0
2025-05-01,4.3,231800.0,4.33,1289.0,1416.0,100.9655,75.8894,52.2,1.87,0.06,0.0
2025-06-01,4.1,239000.0,4.33,1379.0,1399.0,101.4785,76.181,60.7,1.77,-0.04,0.0
2025-07-01,4.3,221500.0,4.33,1432.0,1400.0,101.894,76.3997,61.7,1.71,-0.02,0.0
2025-08-01,4.3,229600.0,4.33,1291.0,1347.0,101.6247,76.1055,58.2,1.74,-0.04,0.0
2025-09-01,4.4,234000.0,4.22,1319.0,1444.0,101.668,76.0461,55.1,1.71,0.05,0.0
2025-10-01,,226750.0,4.09,1273.0,1418.0,101.2195,75.6194,53.6,1.68,0.08,0.0
2025-11-01,4.5,222400.0,3.88,1319.0,1414.0,101.0344,75.3901,51.0,1.77,0.15,0.0
2025-12-01,4.4,219250.0,3.72,1378.0,1482.0,101.4941,75.6422,52.9,1.76,0.46,0.0
2026-01-01,4.3,211800.0,3.64,1385.0,1393.0,101.0388,75.242,56.4,1.67,0.54,0.0
2026-02-01,4.4,215750.0,3.64,1346.0,1540.0,101.9053,75.8142,56.6,1.68,0.44,0.0
2026-03-01,4.3,208000.0,3.64,1522.0,1363.0,101.7336,75.6178,53.3,1.79,0.53,0.0
2026-04-01,4.3,207750.0,3.64,1414.0,1423.0,102.5783,76.1803,49.8,1.71,0.62,0.0
2026-05-01,4.3,211600.0,3.63,1182.0,1410.0,102.6396,76.1605,44.8,1.62,0.79,0.0
2026-06-01,4.2,222500.0,3.63,1439.0,1374.0,102.842,76.2438,49.5,1.53,0.66,0.0
2026-07-01,4.1,203250.0,3.63,1309.0,1433.0,103.0454,76.3259,55.2,1.59,0.73,0.0
